Simulation,Instance,Vertices,Sparsity,Edges,Size,Density,Method,status,Actual Optimal Coloring,Optimal Coloring,Solution Time,Gap,Complexity
1,15_Vertices_0.2_Sparsity,15,0.2,84,105.0,0.8,mip,Optimal Feasible,13.0,13.0,15.430380821228027,0.0,15.3
1,15_Vertices_0.2_Sparsity,15,0.2,84,105.0,0.8,mip,Optimal Feasible,13.0,13.0,15.430380821228027,0.0,15.3
1,15_Vertices_0.2_Sparsity,15,0.2,84,105.0,0.8,lp,Optimal Feasible,13.0,1.9999999962649755,0.03548407554626465,84.61538464411558,15.3
1,15_Vertices_0.2_Sparsity,15,0.2,84,105.0,0.8,mip,Optimal Feasible,13.0,13.0,15.430380821228027,0.0,15.3
1,15_Vertices_0.2_Sparsity,15,0.2,84,105.0,0.8,lp,Optimal Feasible,13.0,1.9999999962649755,0.03548407554626465,84.61538464411558,15.3
1,15_Vertices_0.2_Sparsity,15,0.2,84,105.0,0.8,sdp,Optimal Feasible,13.0,2.3015081555178685,0.6841526031494141,82.296091111401,17.71
1,15_Vertices_0.2_Sparsity,15,0.2,84,105.0,0.8,mip,Optimal Feasible,13.0,13.0,15.430380821228027,0.0,15.3
1,15_Vertices_0.2_Sparsity,15,0.2,84,105.0,0.8,lp,Optimal Feasible,13.0,1.9999999962649755,0.03548407554626465,84.61538464411558,15.3
1,15_Vertices_0.2_Sparsity,15,0.2,84,105.0,0.8,sdp,Optimal Feasible,13.0,2.3015081555178685,0.6841526031494141,82.296091111401,17.71
1,15_Vertices_0.2_Sparsity,15,0.2,84,105.0,0.8,qesdp,Optimal Feasible,13.0,14.106276745002624,6.1846349239349365,-8.509821115404801,19.96
1,15_Vertices_0.4_Sparsity,15,0.4,62,105.0,0.5904761904761905,mip,Optimal Feasible,9.0,9.0,8.537798881530762,0.0,13.65
1,15_Vertices_0.4_Sparsity,15,0.4,62,105.0,0.5904761904761905,mip,Optimal Feasible,9.0,9.0,8.537798881530762,0.0,13.65
1,15_Vertices_0.4_Sparsity,15,0.4,62,105.0,0.5904761904761905,lp,Optimal Feasible,9.0,1.9999999998445925,0.04683542251586914,77.77777777950452,13.65
1,15_Vertices_0.4_Sparsity,15,0.4,62,105.0,0.5904761904761905,mip,Optimal Feasible,9.0,9.0,8.537798881530762,0.0,13.65
1,15_Vertices_0.4_Sparsity,15,0.4,62,105.0,0.5904761904761905,lp,Optimal Feasible,9.0,1.9999999998445925,0.04683542251586914,77.77777777950452,13.65
1,15_Vertices_0.4_Sparsity,15,0.4,62,105.0,0.5904761904761905,sdp,Optimal Feasible,9.0,2.3014164149494514,0.8332593441009521,74.42870650056165,16.06
1,15_Vertices_0.4_Sparsity,15,0.4,62,105.0,0.5904761904761905,mip,Optimal Feasible,9.0,9.0,8.537798881530762,0.0,13.65
1,15_Vertices_0.4_Sparsity,15,0.4,62,105.0,0.5904761904761905,lp,Optimal Feasible,9.0,1.9999999998445925,0.04683542251586914,77.77777777950452,13.65
1,15_Vertices_0.4_Sparsity,15,0.4,62,105.0,0.5904761904761905,sdp,Optimal Feasible,9.0,2.3014164149494514,0.8332593441009521,74.42870650056165,16.06
1,15_Vertices_0.4_Sparsity,15,0.4,62,105.0,0.5904761904761905,qesdp,Optimal Feasible,9.0,10.179357867139732,5.4008471965789795,-13.103976301552578,18.31
1,15_Vertices_0.6_Sparsity,15,0.6,38,105.0,0.3619047619047619,mip,Optimal Feasible,6.0,6.0,0.7632942199707031,0.0,9.45
1,15_Vertices_0.6_Sparsity,15,0.6,38,105.0,0.3619047619047619,mip,Optimal Feasible,6.0,6.0,0.7632942199707031,0.0,9.45
1,15_Vertices_0.6_Sparsity,15,0.6,38,105.0,0.3619047619047619,lp,Optimal Feasible,6.0,1.9999999937874913,0.05850672721862793,66.66666677020848,9.45
1,15_Vertices_0.6_Sparsity,15,0.6,38,105.0,0.3619047619047619,mip,Optimal Feasible,6.0,6.0,0.7632942199707031,0.0,9.45
1,15_Vertices_0.6_Sparsity,15,0.6,38,105.0,0.3619047619047619,lp,Optimal Feasible,6.0,1.9999999937874913,0.05850672721862793,66.66666677020848,9.45
1,15_Vertices_0.6_Sparsity,15,0.6,38,105.0,0.3619047619047619,sdp,Optimal Feasible,6.0,2.2943373622755527,0.5275413990020752,61.761043962074126,11.86
1,15_Vertices_0.6_Sparsity,15,0.6,38,105.0,0.3619047619047619,mip,Optimal Feasible,6.0,6.0,0.7632942199707031,0.0,9.45
1,15_Vertices_0.6_Sparsity,15,0.6,38,105.0,0.3619047619047619,lp,Optimal Feasible,6.0,1.9999999937874913,0.05850672721862793,66.66666677020848,9.45
1,15_Vertices_0.6_Sparsity,15,0.6,38,105.0,0.3619047619047619,sdp,Optimal Feasible,6.0,2.2943373622755527,0.5275413990020752,61.761043962074126,11.86
1,15_Vertices_0.6_Sparsity,15,0.6,38,105.0,0.3619047619047619,qesdp,Optimal Feasible,6.0,6.691116531388019,7.561930418014526,-11.518608856466983,14.11
1,15_Vertices_0.8_Sparsity,15,0.8,20,105.0,0.19047619047619047,mip,Optimal Feasible,3.0,3.0,0.16946792602539062,0.0,5.7
1,15_Vertices_0.8_Sparsity,15,0.8,20,105.0,0.19047619047619047,mip,Optimal Feasible,3.0,3.0,0.16946792602539062,0.0,5.7
1,15_Vertices_0.8_Sparsity,15,0.8,20,105.0,0.19047619047619047,lp,Optimal Feasible,3.0,1.99999999930963,0.028333663940429688,33.33333335634567,5.7
1,15_Vertices_0.8_Sparsity,15,0.8,20,105.0,0.19047619047619047,mip,Optimal Feasible,3.0,3.0,0.16946792602539062,0.0,5.7
1,15_Vertices_0.8_Sparsity,15,0.8,20,105.0,0.19047619047619047,lp,Optimal Feasible,3.0,1.99999999930963,0.028333663940429688,33.33333335634567,5.7
1,15_Vertices_0.8_Sparsity,15,0.8,20,105.0,0.19047619047619047,sdp,Optimal Feasible,3.0,2.2936947200297197,0.3279275894165039,23.543509332342673,8.11
1,15_Vertices_0.8_Sparsity,15,0.8,20,105.0,0.19047619047619047,mip,Optimal Feasible,3.0,3.0,0.16946792602539062,0.0,5.7
1,15_Vertices_0.8_Sparsity,15,0.8,20,105.0,0.19047619047619047,lp,Optimal Feasible,3.0,1.99999999930963,0.028333663940429688,33.33333335634567,5.7
1,15_Vertices_0.8_Sparsity,15,0.8,20,105.0,0.19047619047619047,sdp,Optimal Feasible,3.0,2.2936947200297197,0.3279275894165039,23.543509332342673,8.11
1,15_Vertices_0.8_Sparsity,15,0.8,20,105.0,0.19047619047619047,qesdp,Optimal Feasible,3.0,3.953015580398115,3.981835126876831,-31.767186013270504,10.36
2,15_Vertices_0.2_Sparsity,15,0.2,83,105.0,0.7904761904761904,mip,Optimal Feasible,14.0,14.0,5.189670085906982,0.0,15.6
2,15_Vertices_0.2_Sparsity,15,0.2,83,105.0,0.7904761904761904,mip,Optimal Feasible,14.0,14.0,5.189670085906982,0.0,15.6
2,15_Vertices_0.2_Sparsity,15,0.2,83,105.0,0.7904761904761904,lp,Optimal Feasible,14.0,1.9999999991504724,0.04691362380981445,85.71428572035377,15.6
2,15_Vertices_0.2_Sparsity,15,0.2,83,105.0,0.7904761904761904,mip,Optimal Feasible,14.0,14.0,5.189670085906982,0.0,15.6
2,15_Vertices_0.2_Sparsity,15,0.2,83,105.0,0.7904761904761904,lp,Optimal Feasible,14.0,1.9999999991504724,0.04691362380981445,85.71428572035377,15.6
2,15_Vertices_0.2_Sparsity,15,0.2,83,105.0,0.7904761904761904,sdp,Optimal Feasible,14.0,2.3015227627121857,0.9962024688720703,83.56055169491296,18.01
2,15_Vertices_0.2_Sparsity,15,0.2,83,105.0,0.7904761904761904,mip,Optimal Feasible,14.0,14.0,5.189670085906982,0.0,15.6
2,15_Vertices_0.2_Sparsity,15,0.2,83,105.0,0.7904761904761904,lp,Optimal Feasible,14.0,1.9999999991504724,0.04691362380981445,85.71428572035377,15.6
2,15_Vertices_0.2_Sparsity,15,0.2,83,105.0,0.7904761904761904,sdp,Optimal Feasible,14.0,2.3015227627121857,0.9962024688720703,83.56055169491296,18.01
2,15_Vertices_0.2_Sparsity,15,0.2,83,105.0,0.7904761904761904,qesdp,Optimal Feasible,14.0,2.3263230175061556,3.278057098388672,83.38340701781318,20.26
2,15_Vertices_0.4_Sparsity,15,0.4,65,105.0,0.6190476190476191,mip,Optimal Feasible,9.0,9.0,9.070950031280518,0.0,13.8
2,15_Vertices_0.4_Sparsity,15,0.4,65,105.0,0.6190476190476191,mip,Optimal Feasible,9.0,9.0,9.070950031280518,0.0,13.8
2,15_Vertices_0.4_Sparsity,15,0.4,65,105.0,0.6190476190476191,lp,Optimal Feasible,9.0,1.9999999985371448,0.041922807693481445,77.77777779403172,13.8
2,15_Vertices_0.4_Sparsity,15,0.4,65,105.0,0.6190476190476191,mip,Optimal Feasible,9.0,9.0,9.070950031280518,0.0,13.8
2,15_Vertices_0.4_Sparsity,15,0.4,65,105.0,0.6190476190476191,lp,Optimal Feasible,9.0,1.9999999985371448,0.041922807693481445,77.77777779403172,13.8
2,15_Vertices_0.4_Sparsity,15,0.4,65,105.0,0.6190476190476191,sdp,Optimal Feasible,9.0,2.3014256557947137,0.8685719966888428,74.42860382450318,16.21
2,15_Vertices_0.4_Sparsity,15,0.4,65,105.0,0.6190476190476191,mip,Optimal Feasible,9.0,9.0,9.070950031280518,0.0,13.8
2,15_Vertices_0.4_Sparsity,15,0.4,65,105.0,0.6190476190476191,lp,Optimal Feasible,9.0,1.9999999985371448,0.041922807693481445,77.77777779403172,13.8
2,15_Vertices_0.4_Sparsity,15,0.4,65,105.0,0.6190476190476191,sdp,Optimal Feasible,9.0,2.3014256557947137,0.8685719966888428,74.42860382450318,16.21
2,15_Vertices_0.4_Sparsity,15,0.4,65,105.0,0.6190476190476191,qesdp,Optimal Feasible,9.0,10.386817015498893,5.7631988525390625,-15.409077949987704,18.46
2,15_Vertices_0.6_Sparsity,15,0.6,38,105.0,0.3619047619047619,mip,Optimal Feasible,6.0,6.0,1.3653192520141602,0.0,9.15
2,15_Vertices_0.6_Sparsity,15,0.6,38,105.0,0.3619047619047619,mip,Optimal Feasible,6.0,6.0,1.3653192520141602,0.0,9.15
2,15_Vertices_0.6_Sparsity,15,0.6,38,105.0,0.3619047619047619,lp,Optimal Feasible,6.0,1.9999999976620295,0.045274972915649414,66.66666670563285,9.15
2,15_Vertices_0.6_Sparsity,15,0.6,38,105.0,0.3619047619047619,mip,Optimal Feasible,6.0,6.0,1.3653192520141602,0.0,9.15
2,15_Vertices_0.6_Sparsity,15,0.6,38,105.0,0.3619047619047619,lp,Optimal Feasible,6.0,1.9999999976620295,0.045274972915649414,66.66666670563285,9.15
2,15_Vertices_0.6_Sparsity,15,0.6,38,105.0,0.3619047619047619,sdp,Optimal Feasible,6.0,2.294305570639893,0.47435927391052246,61.761573822668446,11.56
2,15_Vertices_0.6_Sparsity,15,0.6,38,105.0,0.3619047619047619,mip,Optimal Feasible,6.0,6.0,1.3653192520141602,0.0,9.15
2,15_Vertices_0.6_Sparsity,15,0.6,38,105.0,0.3619047619047619,lp,Optimal Feasible,6.0,1.9999999976620295,0.045274972915649414,66.66666670563285,9.15
2,15_Vertices_0.6_Sparsity,15,0.6,38,105.0,0.3619047619047619,sdp,Optimal Feasible,6.0,2.294305570639893,0.47435927391052246,61.761573822668446,11.56
2,15_Vertices_0.6_Sparsity,15,0.6,38,105.0,0.3619047619047619,qesdp,Optimal Feasible,6.0,6.897555658985448,6.666170597076416,-14.959260983090802,13.81
2,15_Vertices_0.8_Sparsity,15,0.8,27,105.0,0.2571428571428571,mip,Optimal Feasible,5.0,5.0,1.0607938766479492,0.0,7.5
2,15_Vertices_0.8_Sparsity,15,0.8,27,105.0,0.2571428571428571,mip,Optimal Feasible,5.0,5.0,1.0607938766479492,0.0,7.5
2,15_Vertices_0.8_Sparsity,15,0.8,27,105.0,0.2571428571428571,lp,Optimal Feasible,5.0,1.9999999999547822,0.046716928482055664,60.000000000904365,7.5
2,15_Vertices_0.8_Sparsity,15,0.8,27,105.0,0.2571428571428571,mip,Optimal Feasible,5.0,5.0,1.0607938766479492,0.0,7.5
2,15_Vertices_0.8_Sparsity,15,0.8,27,105.0,0.2571428571428571,lp,Optimal Feasible,5.0,1.9999999999547822,0.046716928482055664,60.000000000904365,7.5
2,15_Vertices_0.8_Sparsity,15,0.8,27,105.0,0.2571428571428571,sdp,Optimal Feasible,5.0,2.2940845800415097,0.4509420394897461,54.1183083991698,9.91
2,15_Vertices_0.8_Sparsity,15,0.8,27,105.0,0.2571428571428571,mip,Optimal Feasible,5.0,5.0,1.0607938766479492,0.0,7.5
2,15_Vertices_0.8_Sparsity,15,0.8,27,105.0,0.2571428571428571,lp,Optimal Feasible,5.0,1.9999999999547822,0.046716928482055664,60.000000000904365,7.5
2,15_Vertices_0.8_Sparsity,15,0.8,27,105.0,0.2571428571428571,sdp,Optimal Feasible,5.0,2.2940845800415097,0.4509420394897461,54.1183083991698,9.91
2,15_Vertices_0.8_Sparsity,15,0.8,27,105.0,0.2571428571428571,qesdp,Optimal Feasible,5.0,5.607077838419481,5.3607282638549805,-12.141556768389616,12.16
3,15_Vertices_0.2_Sparsity,15,0.2,82,105.0,0.780952380952381,mip,Optimal Feasible,12.0,12.0,26.3017098903656,0.0,15.3
3,15_Vertices_0.2_Sparsity,15,0.2,82,105.0,0.780952380952381,mip,Optimal Feasible,12.0,12.0,26.3017098903656,0.0,15.3
3,15_Vertices_0.2_Sparsity,15,0.2,82,105.0,0.780952380952381,lp,Optimal Feasible,12.0,1.9999999997333449,0.03539252281188965,83.33333333555547,15.3
3,15_Vertices_0.2_Sparsity,15,0.2,82,105.0,0.780952380952381,mip,Optimal Feasible,12.0,12.0,26.3017098903656,0.0,15.3
3,15_Vertices_0.2_Sparsity,15,0.2,82,105.0,0.780952380952381,lp,Optimal Feasible,12.0,1.9999999997333449,0.03539252281188965,83.33333333555547,15.3
3,15_Vertices_0.2_Sparsity,15,0.2,82,105.0,0.780952380952381,sdp,Optimal Feasible,12.0,2.3015081555178627,0.9615168571472168,80.82076537068448,17.71
3,15_Vertices_0.2_Sparsity,15,0.2,82,105.0,0.780952380952381,mip,Optimal Feasible,12.0,12.0,26.3017098903656,0.0,15.3
3,15_Vertices_0.2_Sparsity,15,0.2,82,105.0,0.780952380952381,lp,Optimal Feasible,12.0,1.9999999997333449,0.03539252281188965,83.33333333555547,15.3
3,15_Vertices_0.2_Sparsity,15,0.2,82,105.0,0.780952380952381,sdp,Optimal Feasible,12.0,2.3015081555178627,0.9615168571472168,80.82076537068448,17.71
3,15_Vertices_0.2_Sparsity,15,0.2,82,105.0,0.780952380952381,qesdp,Optimal Feasible,12.0,13.587309886121226,7.025004148483276,-13.227582384343547,19.96
3,15_Vertices_0.4_Sparsity,15,0.4,65,105.0,0.6190476190476191,mip,Optimal Feasible,8.0,8.0,6.4644153118133545,0.0,13.05
3,15_Vertices_0.4_Sparsity,15,0.4,65,105.0,0.6190476190476191,mip,Optimal Feasible,8.0,8.0,6.4644153118133545,0.0,13.05
3,15_Vertices_0.4_Sparsity,15,0.4,65,105.0,0.6190476190476191,lp,Optimal Feasible,8.0,1.9999999999620657,0.03130006790161133,75.00000000047417,13.05
3,15_Vertices_0.4_Sparsity,15,0.4,65,105.0,0.6190476190476191,mip,Optimal Feasible,8.0,8.0,6.4644153118133545,0.0,13.05
3,15_Vertices_0.4_Sparsity,15,0.4,65,105.0,0.6190476190476191,lp,Optimal Feasible,8.0,1.9999999999620657,0.03130006790161133,75.00000000047417,13.05
3,15_Vertices_0.4_Sparsity,15,0.4,65,105.0,0.6190476190476191,sdp,Optimal Feasible,8.0,2.3013773407519715,0.8200197219848633,71.23278324060036,15.46
3,15_Vertices_0.4_Sparsity,15,0.4,65,105.0,0.6190476190476191,mip,Optimal Feasible,8.0,8.0,6.4644153118133545,0.0,13.05
3,15_Vertices_0.4_Sparsity,15,0.4,65,105.0,0.6190476190476191,lp,Optimal Feasible,8.0,1.9999999999620657,0.03130006790161133,75.00000000047417,13.05
3,15_Vertices_0.4_Sparsity,15,0.4,65,105.0,0.6190476190476191,sdp,Optimal Feasible,8.0,2.3013773407519715,0.8200197219848633,71.23278324060036,15.46
3,15_Vertices_0.4_Sparsity,15,0.4,65,105.0,0.6190476190476191,qesdp,Optimal Feasible,8.0,9.210110311053784,12.17419719696045,-15.126378888172297,17.71
3,15_Vertices_0.6_Sparsity,15,0.6,44,105.0,0.41904761904761906,mip,Optimal Feasible,6.0,6.0,1.2066760063171387,0.0,10.5
3,15_Vertices_0.6_Sparsity,15,0.6,44,105.0,0.41904761904761906,mip,Optimal Feasible,6.0,6.0,1.2066760063171387,0.0,10.5
3,15_Vertices_0.6_Sparsity,15,0.6,44,105.0,0.41904761904761906,lp,Optimal Feasible,6.0,1.999999999992344,0.034590721130371094,66.66666666679427,10.5
3,15_Vertices_0.6_Sparsity,15,0.6,44,105.0,0.41904761904761906,mip,Optimal Feasible,6.0,6.0,1.2066760063171387,0.0,10.5
3,15_Vertices_0.6_Sparsity,15,0.6,44,105.0,0.41904761904761906,lp,Optimal Feasible,6.0,1.999999999992344,0.034590721130371094,66.66666666679427,10.5
3,15_Vertices_0.6_Sparsity,15,0.6,44,105.0,0.41904761904761906,sdp,Optimal Feasible,6.0,2.294434175775812,0.6021325588226318,61.759430403736474,12.91
3,15_Vertices_0.6_Sparsity,15,0.6,44,105.0,0.41904761904761906,mip,Optimal Feasible,6.0,6.0,1.2066760063171387,0.0,10.5
3,15_Vertices_0.6_Sparsity,15,0.6,44,105.0,0.41904761904761906,lp,Optimal Feasible,6.0,1.999999999992344,0.034590721130371094,66.66666666679427,10.5
3,15_Vertices_0.6_Sparsity,15,0.6,44,105.0,0.41904761904761906,sdp,Optimal Feasible,6.0,2.294434175775812,0.6021325588226318,61.759430403736474,12.91
3,15_Vertices_0.6_Sparsity,15,0.6,44,105.0,0.41904761904761906,qesdp,Optimal Feasible,6.0,6.819094977308164,9.439311742782593,-13.651582955136066,15.16
3,15_Vertices_0.8_Sparsity,15,0.8,21,105.0,0.2,mip,Optimal Feasible,4.0,4.0,0.47286415100097656,0.0,5.7
3,15_Vertices_0.8_Sparsity,15,0.8,21,105.0,0.2,mip,Optimal Feasible,4.0,4.0,0.47286415100097656,0.0,5.7
3,15_Vertices_0.8_Sparsity,15,0.8,21,105.0,0.2,lp,Optimal Feasible,4.0,1.9999999999143339,0.045655250549316406,50.000000002141654,5.7
3,15_Vertices_0.8_Sparsity,15,0.8,21,105.0,0.2,mip,Optimal Feasible,4.0,4.0,0.47286415100097656,0.0,5.7
3,15_Vertices_0.8_Sparsity,15,0.8,21,105.0,0.2,lp,Optimal Feasible,4.0,1.9999999999143339,0.045655250549316406,50.000000002141654,5.7
3,15_Vertices_0.8_Sparsity,15,0.8,21,105.0,0.2,sdp,Optimal Feasible,4.0,2.293694720029724,0.3338441848754883,42.65763199925689,8.11
3,15_Vertices_0.8_Sparsity,15,0.8,21,105.0,0.2,mip,Optimal Feasible,4.0,4.0,0.47286415100097656,0.0,5.7
3,15_Vertices_0.8_Sparsity,15,0.8,21,105.0,0.2,lp,Optimal Feasible,4.0,1.9999999999143339,0.045655250549316406,50.000000002141654,5.7
3,15_Vertices_0.8_Sparsity,15,0.8,21,105.0,0.2,sdp,Optimal Feasible,4.0,2.293694720029724,0.3338441848754883,42.65763199925689,8.11
3,15_Vertices_0.8_Sparsity,15,0.8,21,105.0,0.2,qesdp,Optimal Feasible,4.0,4.332023014957537,2.8779962062835693,-8.300575373938424,10.36
4,15_Vertices_0.2_Sparsity,15,0.2,87,105.0,0.8285714285714286,mip,Optimal Feasible,13.0,13.0,14.225482940673828,0.0,15.6
4,15_Vertices_0.2_Sparsity,15,0.2,87,105.0,0.8285714285714286,mip,Optimal Feasible,13.0,13.0,14.225482940673828,0.0,15.6
4,15_Vertices_0.2_Sparsity,15,0.2,87,105.0,0.8285714285714286,lp,Optimal Feasible,13.0,1.999999999864819,0.03936958312988281,84.61538461642448,15.6
4,15_Vertices_0.2_Sparsity,15,0.2,87,105.0,0.8285714285714286,mip,Optimal Feasible,13.0,13.0,14.225482940673828,0.0,15.6
4,15_Vertices_0.2_Sparsity,15,0.2,87,105.0,0.8285714285714286,lp,Optimal Feasible,13.0,1.999999999864819,0.03936958312988281,84.61538461642448,15.6
4,15_Vertices_0.2_Sparsity,15,0.2,87,105.0,0.8285714285714286,sdp,Optimal Feasible,13.0,2.3015227627121853,0.9879817962646484,82.2959787483678,18.01
4,15_Vertices_0.2_Sparsity,15,0.2,87,105.0,0.8285714285714286,mip,Optimal Feasible,13.0,13.0,14.225482940673828,0.0,15.6
4,15_Vertices_0.2_Sparsity,15,0.2,87,105.0,0.8285714285714286,lp,Optimal Feasible,13.0,1.999999999864819,0.03936958312988281,84.61538461642448,15.6
4,15_Vertices_0.2_Sparsity,15,0.2,87,105.0,0.8285714285714286,sdp,Optimal Feasible,13.0,2.3015227627121853,0.9879817962646484,82.2959787483678,18.01
4,15_Vertices_0.2_Sparsity,15,0.2,87,105.0,0.8285714285714286,qesdp,Optimal Feasible,13.0,13.988754723161158,18.16079831123352,-7.605805562778137,20.26
4,15_Vertices_0.4_Sparsity,15,0.4,71,105.0,0.6761904761904762,mip,Optimal Feasible,10.0,10.0,9.283297538757324,0.0,14.55
4,15_Vertices_0.4_Sparsity,15,0.4,71,105.0,0.6761904761904762,mip,Optimal Feasible,10.0,10.0,9.283297538757324,0.0,14.55
4,15_Vertices_0.4_Sparsity,15,0.4,71,105.0,0.6761904761904762,lp,Optimal Feasible,10.0,1.9999999946334088,0.047676801681518555,80.00000005366591,14.55
4,15_Vertices_0.4_Sparsity,15,0.4,71,105.0,0.6761904761904762,mip,Optimal Feasible,10.0,10.0,9.283297538757324,0.0,14.55
4,15_Vertices_0.4_Sparsity,15,0.4,71,105.0,0.6761904761904762,lp,Optimal Feasible,10.0,1.9999999946334088,0.047676801681518555,80.00000005366591,14.55
4,15_Vertices_0.4_Sparsity,15,0.4,71,105.0,0.6761904761904762,sdp,Optimal Feasible,10.0,2.301469018926173,0.924058198928833,76.98530981073827,16.96
4,15_Vertices_0.4_Sparsity,15,0.4,71,105.0,0.6761904761904762,mip,Optimal Feasible,10.0,10.0,9.283297538757324,0.0,14.55
4,15_Vertices_0.4_Sparsity,15,0.4,71,105.0,0.6761904761904762,lp,Optimal Feasible,10.0,1.9999999946334088,0.047676801681518555,80.00000005366591,14.55
4,15_Vertices_0.4_Sparsity,15,0.4,71,105.0,0.6761904761904762,sdp,Optimal Feasible,10.0,2.301469018926173,0.924058198928833,76.98530981073827,16.96
4,15_Vertices_0.4_Sparsity,15,0.4,71,105.0,0.6761904761904762,qesdp,Optimal Feasible,10.0,11.725915726436503,6.762725114822388,-17.259157264365026,19.21
4,15_Vertices_0.6_Sparsity,15,0.6,38,105.0,0.3619047619047619,mip,Optimal Feasible,6.0,6.0,1.8853659629821777,0.0,9.75
4,15_Vertices_0.6_Sparsity,15,0.6,38,105.0,0.3619047619047619,mip,Optimal Feasible,6.0,6.0,1.8853659629821777,0.0,9.75
4,15_Vertices_0.6_Sparsity,15,0.6,38,105.0,0.3619047619047619,lp,Optimal Feasible,6.0,1.9999999997226965,0.03140115737915039,66.66666667128838,9.75
4,15_Vertices_0.6_Sparsity,15,0.6,38,105.0,0.3619047619047619,mip,Optimal Feasible,6.0,6.0,1.8853659629821777,0.0,9.75
4,15_Vertices_0.6_Sparsity,15,0.6,38,105.0,0.3619047619047619,lp,Optimal Feasible,6.0,1.9999999997226965,0.03140115737915039,66.66666667128838,9.75
4,15_Vertices_0.6_Sparsity,15,0.6,38,105.0,0.3619047619047619,sdp,Optimal Feasible,6.0,2.2943671752485844,0.5287923812866211,61.76054707919027,12.16
4,15_Vertices_0.6_Sparsity,15,0.6,38,105.0,0.3619047619047619,mip,Optimal Feasible,6.0,6.0,1.8853659629821777,0.0,9.75
4,15_Vertices_0.6_Sparsity,15,0.6,38,105.0,0.3619047619047619,lp,Optimal Feasible,6.0,1.9999999997226965,0.03140115737915039,66.66666667128838,9.75
4,15_Vertices_0.6_Sparsity,15,0.6,38,105.0,0.3619047619047619,sdp,Optimal Feasible,6.0,2.2943671752485844,0.5287923812866211,61.76054707919027,12.16
4,15_Vertices_0.6_Sparsity,15,0.6,38,105.0,0.3619047619047619,qesdp,Optimal Feasible,6.0,6.35444646291864,7.208074331283569,-5.907441048643994,14.41
4,15_Vertices_0.8_Sparsity,15,0.8,17,105.0,0.1619047619047619,mip,Optimal Feasible,4.0,4.0,0.3125479221343994,0.0,4.95
4,15_Vertices_0.8_Sparsity,15,0.8,17,105.0,0.1619047619047619,mip,Optimal Feasible,4.0,4.0,0.3125479221343994,0.0,4.95
4,15_Vertices_0.8_Sparsity,15,0.8,17,105.0,0.1619047619047619,lp,Optimal Feasible,4.0,1.9999999920194218,0.04726672172546387,50.000000199514446,4.95
4,15_Vertices_0.8_Sparsity,15,0.8,17,105.0,0.1619047619047619,mip,Optimal Feasible,4.0,4.0,0.3125479221343994,0.0,4.95
4,15_Vertices_0.8_Sparsity,15,0.8,17,105.0,0.1619047619047619,lp,Optimal Feasible,4.0,1.9999999920194218,0.04726672172546387,50.000000199514446,4.95
4,15_Vertices_0.8_Sparsity,15,0.8,17,105.0,0.1619047619047619,sdp,Optimal Feasible,4.0,2.293446700662683,0.3327925205230713,42.66383248343293,7.36
4,15_Vertices_0.8_Sparsity,15,0.8,17,105.0,0.1619047619047619,mip,Optimal Feasible,4.0,4.0,0.3125479221343994,0.0,4.95
4,15_Vertices_0.8_Sparsity,15,0.8,17,105.0,0.1619047619047619,lp,Optimal Feasible,4.0,1.9999999920194218,0.04726672172546387,50.000000199514446,4.95
4,15_Vertices_0.8_Sparsity,15,0.8,17,105.0,0.1619047619047619,sdp,Optimal Feasible,4.0,2.293446700662683,0.3327925205230713,42.66383248343293,7.36
4,15_Vertices_0.8_Sparsity,15,0.8,17,105.0,0.1619047619047619,qesdp,Optimal Feasible,4.0,4.378996096163278,4.557895660400391,-9.474902404081952,9.61
5,15_Vertices_0.2_Sparsity,15,0.2,80,105.0,0.7619047619047619,mip,Optimal Feasible,12.0,12.0,7.2081139087677,0.0,14.7
5,15_Vertices_0.2_Sparsity,15,0.2,80,105.0,0.7619047619047619,mip,Optimal Feasible,12.0,12.0,7.2081139087677,0.0,14.7
5,15_Vertices_0.2_Sparsity,15,0.2,80,105.0,0.7619047619047619,lp,Optimal Feasible,12.0,1.9999999986645316,0.04825258255004883,83.33333334446223,14.7
5,15_Vertices_0.2_Sparsity,15,0.2,80,105.0,0.7619047619047619,mip,Optimal Feasible,12.0,12.0,7.2081139087677,0.0,14.7
5,15_Vertices_0.2_Sparsity,15,0.2,80,105.0,0.7619047619047619,lp,Optimal Feasible,12.0,1.9999999986645316,0.04825258255004883,83.33333334446223,14.7
5,15_Vertices_0.2_Sparsity,15,0.2,80,105.0,0.7619047619047619,sdp,Optimal Feasible,12.0,2.301477163754624,0.9232892990112305,80.82102363537813,17.11
5,15_Vertices_0.2_Sparsity,15,0.2,80,105.0,0.7619047619047619,mip,Optimal Feasible,12.0,12.0,7.2081139087677,0.0,14.7
5,15_Vertices_0.2_Sparsity,15,0.2,80,105.0,0.7619047619047619,lp,Optimal Feasible,12.0,1.9999999986645316,0.04825258255004883,83.33333334446223,14.7
5,15_Vertices_0.2_Sparsity,15,0.2,80,105.0,0.7619047619047619,sdp,Optimal Feasible,12.0,2.301477163754624,0.9232892990112305,80.82102363537813,17.11
5,15_Vertices_0.2_Sparsity,15,0.2,80,105.0,0.7619047619047619,qesdp,Optimal Feasible,12.0,13.394455484974273,7.462219715118408,-11.620462374785607,19.36
5,15_Vertices_0.4_Sparsity,15,0.4,60,105.0,0.5714285714285714,mip,Optimal Feasible,8.0,8.0,5.996540307998657,0.0,13.35
5,15_Vertices_0.4_Sparsity,15,0.4,60,105.0,0.5714285714285714,mip,Optimal Feasible,8.0,8.0,5.996540307998657,0.0,13.35
5,15_Vertices_0.4_Sparsity,15,0.4,60,105.0,0.5714285714285714,lp,Optimal Feasible,8.0,1.9999999940221918,0.030163049697875977,75.0000000747226,13.35
5,15_Vertices_0.4_Sparsity,15,0.4,60,105.0,0.5714285714285714,mip,Optimal Feasible,8.0,8.0,5.996540307998657,0.0,13.35
5,15_Vertices_0.4_Sparsity,15,0.4,60,105.0,0.5714285714285714,lp,Optimal Feasible,8.0,1.9999999940221918,0.030163049697875977,75.0000000747226,13.35
5,15_Vertices_0.4_Sparsity,15,0.4,60,105.0,0.5714285714285714,sdp,Optimal Feasible,8.0,2.3013973141853077,0.8173890113830566,71.23253357268365,15.76
5,15_Vertices_0.4_Sparsity,15,0.4,60,105.0,0.5714285714285714,mip,Optimal Feasible,8.0,8.0,5.996540307998657,0.0,13.35
5,15_Vertices_0.4_Sparsity,15,0.4,60,105.0,0.5714285714285714,lp,Optimal Feasible,8.0,1.9999999940221918,0.030163049697875977,75.0000000747226,13.35
5,15_Vertices_0.4_Sparsity,15,0.4,60,105.0,0.5714285714285714,sdp,Optimal Feasible,8.0,2.3013973141853077,0.8173890113830566,71.23253357268365,15.76
5,15_Vertices_0.4_Sparsity,15,0.4,60,105.0,0.5714285714285714,qesdp,Optimal Feasible,8.0,9.510846830371204,4.454914569854736,-18.885585379640048,18.01
5,15_Vertices_0.6_Sparsity,15,0.6,39,105.0,0.37142857142857144,mip,Optimal Feasible,6.0,6.0,1.1744468212127686,0.0,9.6
5,15_Vertices_0.6_Sparsity,15,0.6,39,105.0,0.37142857142857144,mip,Optimal Feasible,6.0,6.0,1.1744468212127686,0.0,9.6
5,15_Vertices_0.6_Sparsity,15,0.6,39,105.0,0.37142857142857144,lp,Optimal Feasible,6.0,1.9999999989712647,0.04963946342468262,66.66666668381225,9.6
5,15_Vertices_0.6_Sparsity,15,0.6,39,105.0,0.37142857142857144,mip,Optimal Feasible,6.0,6.0,1.1744468212127686,0.0,9.6
5,15_Vertices_0.6_Sparsity,15,0.6,39,105.0,0.37142857142857144,lp,Optimal Feasible,6.0,1.9999999989712647,0.04963946342468262,66.66666668381225,9.6
5,15_Vertices_0.6_Sparsity,15,0.6,39,105.0,0.37142857142857144,sdp,Optimal Feasible,6.0,2.294352504367217,0.549584150314331,61.760791593879716,12.01
5,15_Vertices_0.6_Sparsity,15,0.6,39,105.0,0.37142857142857144,mip,Optimal Feasible,6.0,6.0,1.1744468212127686,0.0,9.6
5,15_Vertices_0.6_Sparsity,15,0.6,39,105.0,0.37142857142857144,lp,Optimal Feasible,6.0,1.9999999989712647,0.04963946342468262,66.66666668381225,9.6
5,15_Vertices_0.6_Sparsity,15,0.6,39,105.0,0.37142857142857144,sdp,Optimal Feasible,6.0,2.294352504367217,0.549584150314331,61.760791593879716,12.01
5,15_Vertices_0.6_Sparsity,15,0.6,39,105.0,0.37142857142857144,qesdp,Optimal Feasible,6.0,6.8458765084039905,6.348273277282715,-14.097941806733175,14.26
5,15_Vertices_0.8_Sparsity,15,0.8,25,105.0,0.23809523809523808,mip,Optimal Feasible,4.0,4.0,0.412477970123291,0.0,6.15
5,15_Vertices_0.8_Sparsity,15,0.8,25,105.0,0.23809523809523808,mip,Optimal Feasible,4.0,4.0,0.412477970123291,0.0,6.15
5,15_Vertices_0.8_Sparsity,15,0.8,25,105.0,0.23809523809523808,lp,Optimal Feasible,4.0,1.9999999943114677,0.051184654235839844,50.00000014221331,6.15
5,15_Vertices_0.8_Sparsity,15,0.8,25,105.0,0.23809523809523808,mip,Optimal Feasible,4.0,4.0,0.412477970123291,0.0,6.15
5,15_Vertices_0.8_Sparsity,15,0.8,25,105.0,0.23809523809523808,lp,Optimal Feasible,4.0,1.9999999943114677,0.051184654235839844,50.00000014221331,6.15
5,15_Vertices_0.8_Sparsity,15,0.8,25,105.0,0.23809523809523808,sdp,Optimal Feasible,4.0,2.293813968164863,0.373654842376709,42.654650795878425,8.56
5,15_Vertices_0.8_Sparsity,15,0.8,25,105.0,0.23809523809523808,mip,Optimal Feasible,4.0,4.0,0.412477970123291,0.0,6.15
5,15_Vertices_0.8_Sparsity,15,0.8,25,105.0,0.23809523809523808,lp,Optimal Feasible,4.0,1.9999999943114677,0.051184654235839844,50.00000014221331,6.15
5,15_Vertices_0.8_Sparsity,15,0.8,25,105.0,0.23809523809523808,sdp,Optimal Feasible,4.0,2.293813968164863,0.373654842376709,42.654650795878425,8.56
5,15_Vertices_0.8_Sparsity,15,0.8,25,105.0,0.23809523809523808,qesdp,Optimal Feasible,4.0,4.872791643369898,1.1912188529968262,-21.819791084247452,10.81
