Reformulation,LowerBound,Beta,Gamma,Theta,Instance,Simulation
vertex_unique_color,2.3171619787380977,0.9985368196332924,3.331835999029811,0.4707112970711297,15_Vertices_0.2_Sparsity,1
adjacent_vertex,2.2939447149489114,1.0007069632504193,6.203468216552874,0.5887134231305156,15_Vertices_0.2_Sparsity,1
vertex_to_global_color,2.3242709536381585,0.9978723357973088,1.4589025294611269,0.11272545090180361,15_Vertices_0.2_Sparsity,1
"['vertex_to_global_color', 'vertex_unique_color']",2.326399020445233,0.9976734230124032,4.164482928298015,0.504060487258471,15_Vertices_0.2_Sparsity,1
"['vertex_to_global_color', 'adjacent_vertex']",14.106276745002624,-0.103404924832765,9.039847097657328,0.6091370558375635,15_Vertices_0.2_Sparsity,1
"['vertex_to_global_color', 'vertex_unique_color', 'adjacent_vertex']",13.859448671895066,-0.08033362873836622,24.61590587215251,0.7099574189321979,15_Vertices_0.2_Sparsity,1
['vertex_to_global_color'],2.3242709536381585,0.9978723357973088,1.7467155060176809,0.11272545090180361,15_Vertices_0.2_Sparsity,1
vertex_unique_color,2.3171619787380977,0.9985368196332924,3.331835999029811,0.4707112970711297,15_Vertices_0.2_Sparsity,1
adjacent_vertex,2.2939447149489114,1.0007069632504193,6.203468216552874,0.5887134231305156,15_Vertices_0.2_Sparsity,1
vertex_to_global_color,2.3242709536381585,0.9978723357973088,1.4589025294611269,0.11272545090180361,15_Vertices_0.2_Sparsity,1
"['vertex_to_global_color', 'vertex_unique_color']",2.326399020445233,0.9976734230124032,4.164482928298015,0.504060487258471,15_Vertices_0.2_Sparsity,1
"['vertex_to_global_color', 'adjacent_vertex']",14.106276745002624,-0.103404924832765,9.039847097657328,0.6091370558375635,15_Vertices_0.2_Sparsity,1
"['vertex_to_global_color', 'vertex_unique_color', 'adjacent_vertex']",13.859448671895066,-0.08033362873836622,24.61590587215251,0.7099574189321979,15_Vertices_0.2_Sparsity,1
['vertex_to_global_color'],2.3242709536381585,0.9978723357973088,1.7467155060176809,0.11272545090180361,15_Vertices_0.2_Sparsity,1
vertex_unique_color,2.3171619787380977,0.9985368196332924,3.331835999029811,0.4707112970711297,15_Vertices_0.2_Sparsity,1
adjacent_vertex,2.2939447149489114,1.0007069632504193,6.203468216552874,0.5887134231305156,15_Vertices_0.2_Sparsity,1
vertex_to_global_color,2.3242709536381585,0.9978723357973088,1.4589025294611269,0.11272545090180361,15_Vertices_0.2_Sparsity,1
"['vertex_to_global_color', 'vertex_unique_color']",2.326399020445233,0.9976734230124032,4.164482928298015,0.504060487258471,15_Vertices_0.2_Sparsity,1
"['vertex_to_global_color', 'adjacent_vertex']",14.106276745002624,-0.103404924832765,9.039847097657328,0.6091370558375635,15_Vertices_0.2_Sparsity,1
"['vertex_to_global_color', 'vertex_unique_color', 'adjacent_vertex']",13.859448671895066,-0.08033362873836622,24.61590587215251,0.7099574189321979,15_Vertices_0.2_Sparsity,1
['vertex_to_global_color'],2.3242709536381585,0.9978723357973088,1.7467155060176809,0.11272545090180361,15_Vertices_0.2_Sparsity,1
vertex_unique_color,2.3171619787380977,0.9985368196332924,3.331835999029811,0.4707112970711297,15_Vertices_0.2_Sparsity,1
adjacent_vertex,2.2939447149489114,1.0007069632504193,6.203468216552874,0.5887134231305156,15_Vertices_0.2_Sparsity,1
vertex_to_global_color,2.3242709536381585,0.9978723357973088,1.4589025294611269,0.11272545090180361,15_Vertices_0.2_Sparsity,1
"['vertex_to_global_color', 'vertex_unique_color']",2.326399020445233,0.9976734230124032,4.164482928298015,0.504060487258471,15_Vertices_0.2_Sparsity,1
"['vertex_to_global_color', 'adjacent_vertex']",14.106276745002624,-0.103404924832765,9.039847097657328,0.6091370558375635,15_Vertices_0.2_Sparsity,1
"['vertex_to_global_color', 'vertex_unique_color', 'adjacent_vertex']",13.859448671895066,-0.08033362873836622,24.61590587215251,0.7099574189321979,15_Vertices_0.2_Sparsity,1
['vertex_to_global_color'],2.3242709536381585,0.9978723357973088,1.7467155060176809,0.11272545090180361,15_Vertices_0.2_Sparsity,1
vertex_unique_color,2.3170562359962714,0.9976652047633289,3.800244524731877,0.4951273184533166,15_Vertices_0.4_Sparsity,1
adjacent_vertex,2.295296121613148,1.0009136697719145,4.0277389359425895,0.538638322321172,15_Vertices_0.4_Sparsity,1
vertex_to_global_color,2.324766837449132,0.9965141253814026,1.2920036177986307,0.12288367012561442,15_Vertices_0.4_Sparsity,1
"['vertex_to_global_color', 'vertex_unique_color']",2.326877736958116,0.9961989991338637,3.424707927997681,0.5284791544333529,15_Vertices_0.4_Sparsity,1
"['vertex_to_global_color', 'adjacent_vertex']",10.179357867139732,-0.17606078242745887,6.481592117525236,0.5666486778197517,15_Vertices_0.4_Sparsity,1
"['vertex_to_global_color', 'vertex_unique_color', 'adjacent_vertex']",10.090501322181115,-0.16279580725316667,15.325416752147317,0.6958909297481538,15_Vertices_0.4_Sparsity,1
['vertex_to_global_color'],2.324766837449132,0.9965141253814026,1.191138167346363,0.12288367012561442,15_Vertices_0.4_Sparsity,1
vertex_unique_color,2.3170562359962714,0.9976652047633289,3.800244524731877,0.4951273184533166,15_Vertices_0.4_Sparsity,1
adjacent_vertex,2.295296121613148,1.0009136697719145,4.0277389359425895,0.538638322321172,15_Vertices_0.4_Sparsity,1
vertex_to_global_color,2.324766837449132,0.9965141253814026,1.2920036177986307,0.12288367012561442,15_Vertices_0.4_Sparsity,1
"['vertex_to_global_color', 'vertex_unique_color']",2.326877736958116,0.9961989991338637,3.424707927997681,0.5284791544333529,15_Vertices_0.4_Sparsity,1
"['vertex_to_global_color', 'adjacent_vertex']",10.179357867139732,-0.17606078242745887,6.481592117525236,0.5666486778197517,15_Vertices_0.4_Sparsity,1
"['vertex_to_global_color', 'vertex_unique_color', 'adjacent_vertex']",10.090501322181115,-0.16279580725316667,15.325416752147317,0.6958909297481538,15_Vertices_0.4_Sparsity,1
['vertex_to_global_color'],2.324766837449132,0.9965141253814026,1.191138167346363,0.12288367012561442,15_Vertices_0.4_Sparsity,1
vertex_unique_color,2.3170562359962714,0.9976652047633289,3.800244524731877,0.4951273184533166,15_Vertices_0.4_Sparsity,1
adjacent_vertex,2.295296121613148,1.0009136697719145,4.0277389359425895,0.538638322321172,15_Vertices_0.4_Sparsity,1
vertex_to_global_color,2.324766837449132,0.9965141253814026,1.2920036177986307,0.12288367012561442,15_Vertices_0.4_Sparsity,1
"['vertex_to_global_color', 'vertex_unique_color']",2.326877736958116,0.9961989991338637,3.424707927997681,0.5284791544333529,15_Vertices_0.4_Sparsity,1
"['vertex_to_global_color', 'adjacent_vertex']",10.179357867139732,-0.17606078242745887,6.481592117525236,0.5666486778197517,15_Vertices_0.4_Sparsity,1
"['vertex_to_global_color', 'vertex_unique_color', 'adjacent_vertex']",10.090501322181115,-0.16279580725316667,15.325416752147317,0.6958909297481538,15_Vertices_0.4_Sparsity,1
['vertex_to_global_color'],2.324766837449132,0.9965141253814026,1.191138167346363,0.12288367012561442,15_Vertices_0.4_Sparsity,1
vertex_unique_color,2.3170562359962714,0.9976652047633289,3.800244524731877,0.4951273184533166,15_Vertices_0.4_Sparsity,1
adjacent_vertex,2.295296121613148,1.0009136697719145,4.0277389359425895,0.538638322321172,15_Vertices_0.4_Sparsity,1
vertex_to_global_color,2.324766837449132,0.9965141253814026,1.2920036177986307,0.12288367012561442,15_Vertices_0.4_Sparsity,1
"['vertex_to_global_color', 'vertex_unique_color']",2.326877736958116,0.9961989991338637,3.424707927997681,0.5284791544333529,15_Vertices_0.4_Sparsity,1
"['vertex_to_global_color', 'adjacent_vertex']",10.179357867139732,-0.17606078242745887,6.481592117525236,0.5666486778197517,15_Vertices_0.4_Sparsity,1
"['vertex_to_global_color', 'vertex_unique_color', 'adjacent_vertex']",10.090501322181115,-0.16279580725316667,15.325416752147317,0.6958909297481538,15_Vertices_0.4_Sparsity,1
['vertex_to_global_color'],2.324766837449132,0.9965141253814026,1.191138167346363,0.12288367012561442,15_Vertices_0.4_Sparsity,1
vertex_unique_color,2.316161339849809,0.9941106410086866,4.568751584624723,0.5704454907642159,15_Vertices_0.6_Sparsity,1
adjacent_vertex,2.2952372944097803,0.9997571467717902,2.8026293132863525,0.4901117798796217,15_Vertices_0.6_Sparsity,1
vertex_to_global_color,2.3268326847560226,0.9912309010135837,1.283811089683997,0.15946137491141035,15_Vertices_0.6_Sparsity,1
"['vertex_to_global_color', 'vertex_unique_color']",2.328868658221878,0.9906814787739204,5.152187697301313,0.6028131279303416,15_Vertices_0.6_Sparsity,1
"['vertex_to_global_color', 'adjacent_vertex']",6.450536739178544,-0.12158061410987127,4.20780649975211,0.5350842806742454,15_Vertices_0.6_Sparsity,1
"['vertex_to_global_color', 'vertex_unique_color', 'adjacent_vertex']",6.691116531388019,-0.1865028198606919,14.334288137990816,0.7125545322346097,15_Vertices_0.6_Sparsity,1
['vertex_to_global_color'],2.3268326847560226,0.9912309010135837,1.2086471135086179,0.15946137491141035,15_Vertices_0.6_Sparsity,1
vertex_unique_color,2.316161339849809,0.9941106410086866,4.568751584624723,0.5704454907642159,15_Vertices_0.6_Sparsity,1
adjacent_vertex,2.2952372944097803,0.9997571467717902,2.8026293132863525,0.4901117798796217,15_Vertices_0.6_Sparsity,1
vertex_to_global_color,2.3268326847560226,0.9912309010135837,1.283811089683997,0.15946137491141035,15_Vertices_0.6_Sparsity,1
"['vertex_to_global_color', 'vertex_unique_color']",2.328868658221878,0.9906814787739204,5.152187697301313,0.6028131279303416,15_Vertices_0.6_Sparsity,1
"['vertex_to_global_color', 'adjacent_vertex']",6.450536739178544,-0.12158061410987127,4.20780649975211,0.5350842806742454,15_Vertices_0.6_Sparsity,1
"['vertex_to_global_color', 'vertex_unique_color', 'adjacent_vertex']",6.691116531388019,-0.1865028198606919,14.334288137990816,0.7125545322346097,15_Vertices_0.6_Sparsity,1
['vertex_to_global_color'],2.3268326847560226,0.9912309010135837,1.2086471135086179,0.15946137491141035,15_Vertices_0.6_Sparsity,1
vertex_unique_color,2.316161339849809,0.9941106410086866,4.568751584624723,0.5704454907642159,15_Vertices_0.6_Sparsity,1
adjacent_vertex,2.2952372944097803,0.9997571467717902,2.8026293132863525,0.4901117798796217,15_Vertices_0.6_Sparsity,1
vertex_to_global_color,2.3268326847560226,0.9912309010135837,1.283811089683997,0.15946137491141035,15_Vertices_0.6_Sparsity,1
"['vertex_to_global_color', 'vertex_unique_color']",2.328868658221878,0.9906814787739204,5.152187697301313,0.6028131279303416,15_Vertices_0.6_Sparsity,1
"['vertex_to_global_color', 'adjacent_vertex']",6.450536739178544,-0.12158061410987127,4.20780649975211,0.5350842806742454,15_Vertices_0.6_Sparsity,1
"['vertex_to_global_color', 'vertex_unique_color', 'adjacent_vertex']",6.691116531388019,-0.1865028198606919,14.334288137990816,0.7125545322346097,15_Vertices_0.6_Sparsity,1
['vertex_to_global_color'],2.3268326847560226,0.9912309010135837,1.2086471135086179,0.15946137491141035,15_Vertices_0.6_Sparsity,1
vertex_unique_color,2.316161339849809,0.9941106410086866,4.568751584624723,0.5704454907642159,15_Vertices_0.6_Sparsity,1
adjacent_vertex,2.2952372944097803,0.9997571467717902,2.8026293132863525,0.4901117798796217,15_Vertices_0.6_Sparsity,1
vertex_to_global_color,2.3268326847560226,0.9912309010135837,1.283811089683997,0.15946137491141035,15_Vertices_0.6_Sparsity,1
"['vertex_to_global_color', 'vertex_unique_color']",2.328868658221878,0.9906814787739204,5.152187697301313,0.6028131279303416,15_Vertices_0.6_Sparsity,1
"['vertex_to_global_color', 'adjacent_vertex']",6.450536739178544,-0.12158061410987127,4.20780649975211,0.5350842806742454,15_Vertices_0.6_Sparsity,1
"['vertex_to_global_color', 'vertex_unique_color', 'adjacent_vertex']",6.691116531388019,-0.1865028198606919,14.334288137990816,0.7125545322346097,15_Vertices_0.6_Sparsity,1
['vertex_to_global_color'],2.3268326847560226,0.9912309010135837,1.2086471135086179,0.15946137491141035,15_Vertices_0.6_Sparsity,1
vertex_unique_color,2.3151466731382424,0.96962793041923,5.215739391665721,0.6601005867560771,15_Vertices_0.8_Sparsity,1
adjacent_vertex,2.2972270992012436,0.9949987926301891,1.7659499443082445,0.42523033309709424,15_Vertices_0.8_Sparsity,1
vertex_to_global_color,2.3455196955878517,0.9266252468616508,1.356353804052266,0.2171814671814672,15_Vertices_0.8_Sparsity,1
"['vertex_to_global_color', 'vertex_unique_color']",2.3331841424692414,0.944090149742073,5.176394547733506,0.6893910379165071,15_Vertices_0.8_Sparsity,1
"['vertex_to_global_color', 'adjacent_vertex']",3.8496650753726382,-1.2029714338372075,2.883458094498585,0.5042787286063569,15_Vertices_0.8_Sparsity,1
"['vertex_to_global_color', 'vertex_unique_color', 'adjacent_vertex']",3.953015580398115,-1.3492969788335945,12.142421849780577,0.747430706944877,15_Vertices_0.8_Sparsity,1
['vertex_to_global_color'],2.3455196955878517,0.9266252468616508,1.2926201880432855,0.2171814671814672,15_Vertices_0.8_Sparsity,1
vertex_unique_color,2.3151466731382424,0.96962793041923,5.215739391665721,0.6601005867560771,15_Vertices_0.8_Sparsity,1
adjacent_vertex,2.2972270992012436,0.9949987926301891,1.7659499443082445,0.42523033309709424,15_Vertices_0.8_Sparsity,1
vertex_to_global_color,2.3455196955878517,0.9266252468616508,1.356353804052266,0.2171814671814672,15_Vertices_0.8_Sparsity,1
"['vertex_to_global_color', 'vertex_unique_color']",2.3331841424692414,0.944090149742073,5.176394547733506,0.6893910379165071,15_Vertices_0.8_Sparsity,1
"['vertex_to_global_color', 'adjacent_vertex']",3.8496650753726382,-1.2029714338372075,2.883458094498585,0.5042787286063569,15_Vertices_0.8_Sparsity,1
"['vertex_to_global_color', 'vertex_unique_color', 'adjacent_vertex']",3.953015580398115,-1.3492969788335945,12.142421849780577,0.747430706944877,15_Vertices_0.8_Sparsity,1
['vertex_to_global_color'],2.3455196955878517,0.9266252468616508,1.2926201880432855,0.2171814671814672,15_Vertices_0.8_Sparsity,1
vertex_unique_color,2.3151466731382424,0.96962793041923,5.215739391665721,0.6601005867560771,15_Vertices_0.8_Sparsity,1
adjacent_vertex,2.2972270992012436,0.9949987926301891,1.7659499443082445,0.42523033309709424,15_Vertices_0.8_Sparsity,1
vertex_to_global_color,2.3455196955878517,0.9266252468616508,1.356353804052266,0.2171814671814672,15_Vertices_0.8_Sparsity,1
"['vertex_to_global_color', 'vertex_unique_color']",2.3331841424692414,0.944090149742073,5.176394547733506,0.6893910379165071,15_Vertices_0.8_Sparsity,1
"['vertex_to_global_color', 'adjacent_vertex']",3.8496650753726382,-1.2029714338372075,2.883458094498585,0.5042787286063569,15_Vertices_0.8_Sparsity,1
"['vertex_to_global_color', 'vertex_unique_color', 'adjacent_vertex']",3.953015580398115,-1.3492969788335945,12.142421849780577,0.747430706944877,15_Vertices_0.8_Sparsity,1
['vertex_to_global_color'],2.3455196955878517,0.9266252468616508,1.2926201880432855,0.2171814671814672,15_Vertices_0.8_Sparsity,1
vertex_unique_color,2.3151466731382424,0.96962793041923,5.215739391665721,0.6601005867560771,15_Vertices_0.8_Sparsity,1
adjacent_vertex,2.2972270992012436,0.9949987926301891,1.7659499443082445,0.42523033309709424,15_Vertices_0.8_Sparsity,1
vertex_to_global_color,2.3455196955878517,0.9266252468616508,1.356353804052266,0.2171814671814672,15_Vertices_0.8_Sparsity,1
"['vertex_to_global_color', 'vertex_unique_color']",2.3331841424692414,0.944090149742073,5.176394547733506,0.6893910379165071,15_Vertices_0.8_Sparsity,1
"['vertex_to_global_color', 'adjacent_vertex']",3.8496650753726382,-1.2029714338372075,2.883458094498585,0.5042787286063569,15_Vertices_0.8_Sparsity,1
"['vertex_to_global_color', 'vertex_unique_color', 'adjacent_vertex']",3.953015580398115,-1.3492969788335945,12.142421849780577,0.747430706944877,15_Vertices_0.8_Sparsity,1
['vertex_to_global_color'],2.3455196955878517,0.9266252468616508,1.2926201880432855,0.2171814671814672,15_Vertices_0.8_Sparsity,1
vertex_unique_color,2.317178745798404,0.9986617076078657,3.753261554249785,0.4665284360189573,15_Vertices_0.2_Sparsity,2
adjacent_vertex,2.292608243419391,1.0007620239037933,5.393885567024126,0.580284316010254,15_Vertices_0.2_Sparsity,2
vertex_to_global_color,2.324192251827466,0.9980621846198048,1.1135060607279,0.11105626850937808,15_Vertices_0.2_Sparsity,2
"['vertex_to_global_color', 'vertex_unique_color']",2.3263230175061556,0.9978800441894334,3.2905530761233552,0.49986114968064427,15_Vertices_0.2_Sparsity,2
"['vertex_to_global_color', 'adjacent_vertex']",0.9999999994378416,1.1112557418264541,8.323977784670408,0.6011957484499557,15_Vertices_0.2_Sparsity,2
"['vertex_to_global_color', 'vertex_unique_color', 'adjacent_vertex']",0.999999999416802,1.1112557418282525,18.321136728719484,0.7043178460022985,15_Vertices_0.2_Sparsity,2
['vertex_to_global_color'],2.324192251827466,0.9980621846198048,1.1468766812752131,0.11105626850937808,15_Vertices_0.2_Sparsity,2
vertex_unique_color,2.317178745798404,0.9986617076078657,3.753261554249785,0.4665284360189573,15_Vertices_0.2_Sparsity,2
adjacent_vertex,2.292608243419391,1.0007620239037933,5.393885567024126,0.580284316010254,15_Vertices_0.2_Sparsity,2
vertex_to_global_color,2.324192251827466,0.9980621846198048,1.1135060607279,0.11105626850937808,15_Vertices_0.2_Sparsity,2
"['vertex_to_global_color', 'vertex_unique_color']",2.3263230175061556,0.9978800441894334,3.2905530761233552,0.49986114968064427,15_Vertices_0.2_Sparsity,2
"['vertex_to_global_color', 'adjacent_vertex']",0.9999999994378416,1.1112557418264541,8.323977784670408,0.6011957484499557,15_Vertices_0.2_Sparsity,2
"['vertex_to_global_color', 'vertex_unique_color', 'adjacent_vertex']",0.999999999416802,1.1112557418282525,18.321136728719484,0.7043178460022985,15_Vertices_0.2_Sparsity,2
['vertex_to_global_color'],2.324192251827466,0.9980621846198048,1.1468766812752131,0.11105626850937808,15_Vertices_0.2_Sparsity,2
vertex_unique_color,2.317178745798404,0.9986617076078657,3.753261554249785,0.4665284360189573,15_Vertices_0.2_Sparsity,2
adjacent_vertex,2.292608243419391,1.0007620239037933,5.393885567024126,0.580284316010254,15_Vertices_0.2_Sparsity,2
vertex_to_global_color,2.324192251827466,0.9980621846198048,1.1135060607279,0.11105626850937808,15_Vertices_0.2_Sparsity,2
"['vertex_to_global_color', 'vertex_unique_color']",2.3263230175061556,0.9978800441894334,3.2905530761233552,0.49986114968064427,15_Vertices_0.2_Sparsity,2
"['vertex_to_global_color', 'adjacent_vertex']",0.9999999994378416,1.1112557418264541,8.323977784670408,0.6011957484499557,15_Vertices_0.2_Sparsity,2
"['vertex_to_global_color', 'vertex_unique_color', 'adjacent_vertex']",0.999999999416802,1.1112557418282525,18.321136728719484,0.7043178460022985,15_Vertices_0.2_Sparsity,2
['vertex_to_global_color'],2.324192251827466,0.9980621846198048,1.1468766812752131,0.11105626850937808,15_Vertices_0.2_Sparsity,2
vertex_unique_color,2.317178745798404,0.9986617076078657,3.753261554249785,0.4665284360189573,15_Vertices_0.2_Sparsity,2
adjacent_vertex,2.292608243419391,1.0007620239037933,5.393885567024126,0.580284316010254,15_Vertices_0.2_Sparsity,2
vertex_to_global_color,2.324192251827466,0.9980621846198048,1.1135060607279,0.11105626850937808,15_Vertices_0.2_Sparsity,2
"['vertex_to_global_color', 'vertex_unique_color']",2.3263230175061556,0.9978800441894334,3.2905530761233552,0.49986114968064427,15_Vertices_0.2_Sparsity,2
"['vertex_to_global_color', 'adjacent_vertex']",0.9999999994378416,1.1112557418264541,8.323977784670408,0.6011957484499557,15_Vertices_0.2_Sparsity,2
"['vertex_to_global_color', 'vertex_unique_color', 'adjacent_vertex']",0.999999999416802,1.1112557418282525,18.321136728719484,0.7043178460022985,15_Vertices_0.2_Sparsity,2
['vertex_to_global_color'],2.324192251827466,0.9980621846198048,1.1468766812752131,0.11105626850937808,15_Vertices_0.2_Sparsity,2
vertex_unique_color,2.3170669352093585,0.9976649838292568,3.5745029926805936,0.4928035043804756,15_Vertices_0.4_Sparsity,2
adjacent_vertex,2.2952329645480885,1.0009244789903664,4.041397673106775,0.5460655278633436,15_Vertices_0.4_Sparsity,2
vertex_to_global_color,2.324716763750846,0.9965229753736656,1.156740702514785,0.1218851570964247,15_Vertices_0.4_Sparsity,2
"['vertex_to_global_color', 'vertex_unique_color']",2.3268294095866295,0.9962075879901382,3.5719263091004665,0.5261619409529378,15_Vertices_0.4_Sparsity,2
"['vertex_to_global_color', 'adjacent_vertex']",10.386817015498893,-0.20703166737241374,6.635257496798704,0.5729715489989463,15_Vertices_0.4_Sparsity,2
"['vertex_to_global_color', 'vertex_unique_color', 'adjacent_vertex']",10.329727217956703,-0.19850898857411448,13.449762356044584,0.6981940048408117,15_Vertices_0.4_Sparsity,2
['vertex_to_global_color'],2.324716763750846,0.9965229753736656,1.2267382732349634,0.1218851570964247,15_Vertices_0.4_Sparsity,2
vertex_unique_color,2.3170669352093585,0.9976649838292568,3.5745029926805936,0.4928035043804756,15_Vertices_0.4_Sparsity,2
adjacent_vertex,2.2952329645480885,1.0009244789903664,4.041397673106775,0.5460655278633436,15_Vertices_0.4_Sparsity,2
vertex_to_global_color,2.324716763750846,0.9965229753736656,1.156740702514785,0.1218851570964247,15_Vertices_0.4_Sparsity,2
"['vertex_to_global_color', 'vertex_unique_color']",2.3268294095866295,0.9962075879901382,3.5719263091004665,0.5261619409529378,15_Vertices_0.4_Sparsity,2
"['vertex_to_global_color', 'adjacent_vertex']",10.386817015498893,-0.20703166737241374,6.635257496798704,0.5729715489989463,15_Vertices_0.4_Sparsity,2
"['vertex_to_global_color', 'vertex_unique_color', 'adjacent_vertex']",10.329727217956703,-0.19850898857411448,13.449762356044584,0.6981940048408117,15_Vertices_0.4_Sparsity,2
['vertex_to_global_color'],2.324716763750846,0.9965229753736656,1.2267382732349634,0.1218851570964247,15_Vertices_0.4_Sparsity,2
vertex_unique_color,2.3170669352093585,0.9976649838292568,3.5745029926805936,0.4928035043804756,15_Vertices_0.4_Sparsity,2
adjacent_vertex,2.2952329645480885,1.0009244789903664,4.041397673106775,0.5460655278633436,15_Vertices_0.4_Sparsity,2
vertex_to_global_color,2.324716763750846,0.9965229753736656,1.156740702514785,0.1218851570964247,15_Vertices_0.4_Sparsity,2
"['vertex_to_global_color', 'vertex_unique_color']",2.3268294095866295,0.9962075879901382,3.5719263091004665,0.5261619409529378,15_Vertices_0.4_Sparsity,2
"['vertex_to_global_color', 'adjacent_vertex']",10.386817015498893,-0.20703166737241374,6.635257496798704,0.5729715489989463,15_Vertices_0.4_Sparsity,2
"['vertex_to_global_color', 'vertex_unique_color', 'adjacent_vertex']",10.329727217956703,-0.19850898857411448,13.449762356044584,0.6981940048408117,15_Vertices_0.4_Sparsity,2
['vertex_to_global_color'],2.324716763750846,0.9965229753736656,1.2267382732349634,0.1218851570964247,15_Vertices_0.4_Sparsity,2
vertex_unique_color,2.3170669352093585,0.9976649838292568,3.5745029926805936,0.4928035043804756,15_Vertices_0.4_Sparsity,2
adjacent_vertex,2.2952329645480885,1.0009244789903664,4.041397673106775,0.5460655278633436,15_Vertices_0.4_Sparsity,2
vertex_to_global_color,2.324716763750846,0.9965229753736656,1.156740702514785,0.1218851570964247,15_Vertices_0.4_Sparsity,2
"['vertex_to_global_color', 'vertex_unique_color']",2.3268294095866295,0.9962075879901382,3.5719263091004665,0.5261619409529378,15_Vertices_0.4_Sparsity,2
"['vertex_to_global_color', 'adjacent_vertex']",10.386817015498893,-0.20703166737241374,6.635257496798704,0.5729715489989463,15_Vertices_0.4_Sparsity,2
"['vertex_to_global_color', 'vertex_unique_color', 'adjacent_vertex']",10.329727217956703,-0.19850898857411448,13.449762356044584,0.6981940048408117,15_Vertices_0.4_Sparsity,2
['vertex_to_global_color'],2.324716763750846,0.9965229753736656,1.2267382732349634,0.1218851570964247,15_Vertices_0.4_Sparsity,2
vertex_unique_color,2.3161105383101224,0.9941158214510433,5.009475740686478,0.576711827169535,15_Vertices_0.6_Sparsity,2
adjacent_vertex,2.295347791578527,0.9997187515164833,2.7443982655871233,0.4965156794425087,15_Vertices_0.6_Sparsity,2
vertex_to_global_color,2.3270549084271615,0.9911624289558805,1.4812271971298854,0.16292541636495295,15_Vertices_0.6_Sparsity,2
"['vertex_to_global_color', 'vertex_unique_color']",2.329082608618725,0.9906152440138362,4.989359205109351,0.6089309878213802,15_Vertices_0.6_Sparsity,2
"['vertex_to_global_color', 'adjacent_vertex']",6.559167272503755,-0.15089405863405503,4.654401095291683,0.5414518048393495,15_Vertices_0.6_Sparsity,2
"['vertex_to_global_color', 'vertex_unique_color', 'adjacent_vertex']",6.897555658985448,-0.24220984112293267,14.052999411441556,0.7177734375,15_Vertices_0.6_Sparsity,2
['vertex_to_global_color'],2.3270549084271615,0.9911624289558805,1.350726550519776,0.16292541636495295,15_Vertices_0.6_Sparsity,2
vertex_unique_color,2.3161105383101224,0.9941158214510433,5.009475740686478,0.576711827169535,15_Vertices_0.6_Sparsity,2
adjacent_vertex,2.295347791578527,0.9997187515164833,2.7443982655871233,0.4965156794425087,15_Vertices_0.6_Sparsity,2
vertex_to_global_color,2.3270549084271615,0.9911624289558805,1.4812271971298854,0.16292541636495295,15_Vertices_0.6_Sparsity,2
"['vertex_to_global_color', 'vertex_unique_color']",2.329082608618725,0.9906152440138362,4.989359205109351,0.6089309878213802,15_Vertices_0.6_Sparsity,2
"['vertex_to_global_color', 'adjacent_vertex']",6.559167272503755,-0.15089405863405503,4.654401095291683,0.5414518048393495,15_Vertices_0.6_Sparsity,2
"['vertex_to_global_color', 'vertex_unique_color', 'adjacent_vertex']",6.897555658985448,-0.24220984112293267,14.052999411441556,0.7177734375,15_Vertices_0.6_Sparsity,2
['vertex_to_global_color'],2.3270549084271615,0.9911624289558805,1.350726550519776,0.16292541636495295,15_Vertices_0.6_Sparsity,2
vertex_unique_color,2.3161105383101224,0.9941158214510433,5.009475740686478,0.576711827169535,15_Vertices_0.6_Sparsity,2
adjacent_vertex,2.295347791578527,0.9997187515164833,2.7443982655871233,0.4965156794425087,15_Vertices_0.6_Sparsity,2
vertex_to_global_color,2.3270549084271615,0.9911624289558805,1.4812271971298854,0.16292541636495295,15_Vertices_0.6_Sparsity,2
"['vertex_to_global_color', 'vertex_unique_color']",2.329082608618725,0.9906152440138362,4.989359205109351,0.6089309878213802,15_Vertices_0.6_Sparsity,2
"['vertex_to_global_color', 'adjacent_vertex']",6.559167272503755,-0.15089405863405503,4.654401095291683,0.5414518048393495,15_Vertices_0.6_Sparsity,2
"['vertex_to_global_color', 'vertex_unique_color', 'adjacent_vertex']",6.897555658985448,-0.24220984112293267,14.052999411441556,0.7177734375,15_Vertices_0.6_Sparsity,2
['vertex_to_global_color'],2.3270549084271615,0.9911624289558805,1.350726550519776,0.16292541636495295,15_Vertices_0.6_Sparsity,2
vertex_unique_color,2.3161105383101224,0.9941158214510433,5.009475740686478,0.576711827169535,15_Vertices_0.6_Sparsity,2
adjacent_vertex,2.295347791578527,0.9997187515164833,2.7443982655871233,0.4965156794425087,15_Vertices_0.6_Sparsity,2
vertex_to_global_color,2.3270549084271615,0.9911624289558805,1.4812271971298854,0.16292541636495295,15_Vertices_0.6_Sparsity,2
"['vertex_to_global_color', 'vertex_unique_color']",2.329082608618725,0.9906152440138362,4.989359205109351,0.6089309878213802,15_Vertices_0.6_Sparsity,2
"['vertex_to_global_color', 'adjacent_vertex']",6.559167272503755,-0.15089405863405503,4.654401095291683,0.5414518048393495,15_Vertices_0.6_Sparsity,2
"['vertex_to_global_color', 'vertex_unique_color', 'adjacent_vertex']",6.897555658985448,-0.24220984112293267,14.052999411441556,0.7177734375,15_Vertices_0.6_Sparsity,2
['vertex_to_global_color'],2.3270549084271615,0.9911624289558805,1.350726550519776,0.16292541636495295,15_Vertices_0.6_Sparsity,2
vertex_unique_color,2.315758852066885,0.9919900408322049,4.988769094442811,0.6137957911145752,15_Vertices_0.8_Sparsity,2
adjacent_vertex,2.29698649212702,0.998927567334845,2.094546967623777,0.4497501388117712,15_Vertices_0.8_Sparsity,2
vertex_to_global_color,2.3417905207353513,0.9823697591055625,1.4020729749792216,0.18503289473684212,15_Vertices_0.8_Sparsity,2
"['vertex_to_global_color', 'vertex_unique_color']",2.330564523942333,0.9865184463521102,4.407159186798267,0.6449301325689717,15_Vertices_0.8_Sparsity,2
"['vertex_to_global_color', 'adjacent_vertex']",5.5919779053074485,-0.21877176978300739,3.198484393471884,0.5108588351431392,15_Vertices_0.8_Sparsity,2
"['vertex_to_global_color', 'vertex_unique_color', 'adjacent_vertex']",5.607077838419481,-0.2243521116520315,11.887843213555335,0.7247986670369342,15_Vertices_0.8_Sparsity,2
['vertex_to_global_color'],2.3417905207353513,0.9823697591055625,1.2907430944893379,0.18503289473684212,15_Vertices_0.8_Sparsity,2
vertex_unique_color,2.315758852066885,0.9919900408322049,4.988769094442811,0.6137957911145752,15_Vertices_0.8_Sparsity,2
adjacent_vertex,2.29698649212702,0.998927567334845,2.094546967623777,0.4497501388117712,15_Vertices_0.8_Sparsity,2
vertex_to_global_color,2.3417905207353513,0.9823697591055625,1.4020729749792216,0.18503289473684212,15_Vertices_0.8_Sparsity,2
"['vertex_to_global_color', 'vertex_unique_color']",2.330564523942333,0.9865184463521102,4.407159186798267,0.6449301325689717,15_Vertices_0.8_Sparsity,2
"['vertex_to_global_color', 'adjacent_vertex']",5.5919779053074485,-0.21877176978300739,3.198484393471884,0.5108588351431392,15_Vertices_0.8_Sparsity,2
"['vertex_to_global_color', 'vertex_unique_color', 'adjacent_vertex']",5.607077838419481,-0.2243521116520315,11.887843213555335,0.7247986670369342,15_Vertices_0.8_Sparsity,2
['vertex_to_global_color'],2.3417905207353513,0.9823697591055625,1.2907430944893379,0.18503289473684212,15_Vertices_0.8_Sparsity,2
vertex_unique_color,2.315758852066885,0.9919900408322049,4.988769094442811,0.6137957911145752,15_Vertices_0.8_Sparsity,2
adjacent_vertex,2.29698649212702,0.998927567334845,2.094546967623777,0.4497501388117712,15_Vertices_0.8_Sparsity,2
vertex_to_global_color,2.3417905207353513,0.9823697591055625,1.4020729749792216,0.18503289473684212,15_Vertices_0.8_Sparsity,2
"['vertex_to_global_color', 'vertex_unique_color']",2.330564523942333,0.9865184463521102,4.407159186798267,0.6449301325689717,15_Vertices_0.8_Sparsity,2
"['vertex_to_global_color', 'adjacent_vertex']",5.5919779053074485,-0.21877176978300739,3.198484393471884,0.5108588351431392,15_Vertices_0.8_Sparsity,2
"['vertex_to_global_color', 'vertex_unique_color', 'adjacent_vertex']",5.607077838419481,-0.2243521116520315,11.887843213555335,0.7247986670369342,15_Vertices_0.8_Sparsity,2
['vertex_to_global_color'],2.3417905207353513,0.9823697591055625,1.2907430944893379,0.18503289473684212,15_Vertices_0.8_Sparsity,2
vertex_unique_color,2.315758852066885,0.9919900408322049,4.988769094442811,0.6137957911145752,15_Vertices_0.8_Sparsity,2
adjacent_vertex,2.29698649212702,0.998927567334845,2.094546967623777,0.4497501388117712,15_Vertices_0.8_Sparsity,2
vertex_to_global_color,2.3417905207353513,0.9823697591055625,1.4020729749792216,0.18503289473684212,15_Vertices_0.8_Sparsity,2
"['vertex_to_global_color', 'vertex_unique_color']",2.330564523942333,0.9865184463521102,4.407159186798267,0.6449301325689717,15_Vertices_0.8_Sparsity,2
"['vertex_to_global_color', 'adjacent_vertex']",5.5919779053074485,-0.21877176978300739,3.198484393471884,0.5108588351431392,15_Vertices_0.8_Sparsity,2
"['vertex_to_global_color', 'vertex_unique_color', 'adjacent_vertex']",5.607077838419481,-0.2243521116520315,11.887843213555335,0.7247986670369342,15_Vertices_0.8_Sparsity,2
['vertex_to_global_color'],2.3417905207353513,0.9823697591055625,1.2907430944893379,0.18503289473684212,15_Vertices_0.8_Sparsity,2
vertex_unique_color,2.317161978738795,0.998385952839684,4.160426730779435,0.4707112970711297,15_Vertices_0.2_Sparsity,3
adjacent_vertex,2.2934991575465036,1.0008257982890314,5.442499852463269,0.582901554404145,15_Vertices_0.2_Sparsity,3
vertex_to_global_color,2.324270953638166,0.9976529548629507,1.222933456718674,0.11272545090180361,15_Vertices_0.2_Sparsity,3
"['vertex_to_global_color', 'vertex_unique_color']",2.3263990204452205,0.9974335324165353,3.2210107679497653,0.504060487258471,15_Vertices_0.2_Sparsity,3
"['vertex_to_global_color', 'adjacent_vertex']",13.587309886121226,-0.1636656411712415,7.306168473557698,0.6038917468127936,15_Vertices_0.2_Sparsity,3
"['vertex_to_global_color', 'vertex_unique_color', 'adjacent_vertex']",13.303905275162416,-0.13444412760982627,17.749897220209608,0.7070790605358915,15_Vertices_0.2_Sparsity,3
['vertex_to_global_color'],2.324270953638166,0.9976529548629507,0.9852391359653886,0.11272545090180361,15_Vertices_0.2_Sparsity,3
vertex_unique_color,2.317161978738795,0.998385952839684,4.160426730779435,0.4707112970711297,15_Vertices_0.2_Sparsity,3
adjacent_vertex,2.2934991575465036,1.0008257982890314,5.442499852463269,0.582901554404145,15_Vertices_0.2_Sparsity,3
vertex_to_global_color,2.324270953638166,0.9976529548629507,1.222933456718674,0.11272545090180361,15_Vertices_0.2_Sparsity,3
"['vertex_to_global_color', 'vertex_unique_color']",2.3263990204452205,0.9974335324165353,3.2210107679497653,0.504060487258471,15_Vertices_0.2_Sparsity,3
"['vertex_to_global_color', 'adjacent_vertex']",13.587309886121226,-0.1636656411712415,7.306168473557698,0.6038917468127936,15_Vertices_0.2_Sparsity,3
"['vertex_to_global_color', 'vertex_unique_color', 'adjacent_vertex']",13.303905275162416,-0.13444412760982627,17.749897220209608,0.7070790605358915,15_Vertices_0.2_Sparsity,3
['vertex_to_global_color'],2.324270953638166,0.9976529548629507,0.9852391359653886,0.11272545090180361,15_Vertices_0.2_Sparsity,3
vertex_unique_color,2.317161978738795,0.998385952839684,4.160426730779435,0.4707112970711297,15_Vertices_0.2_Sparsity,3
adjacent_vertex,2.2934991575465036,1.0008257982890314,5.442499852463269,0.582901554404145,15_Vertices_0.2_Sparsity,3
vertex_to_global_color,2.324270953638166,0.9976529548629507,1.222933456718674,0.11272545090180361,15_Vertices_0.2_Sparsity,3
"['vertex_to_global_color', 'vertex_unique_color']",2.3263990204452205,0.9974335324165353,3.2210107679497653,0.504060487258471,15_Vertices_0.2_Sparsity,3
"['vertex_to_global_color', 'adjacent_vertex']",13.587309886121226,-0.1636656411712415,7.306168473557698,0.6038917468127936,15_Vertices_0.2_Sparsity,3
"['vertex_to_global_color', 'vertex_unique_color', 'adjacent_vertex']",13.303905275162416,-0.13444412760982627,17.749897220209608,0.7070790605358915,15_Vertices_0.2_Sparsity,3
['vertex_to_global_color'],2.324270953638166,0.9976529548629507,0.9852391359653886,0.11272545090180361,15_Vertices_0.2_Sparsity,3
vertex_unique_color,2.317161978738795,0.998385952839684,4.160426730779435,0.4707112970711297,15_Vertices_0.2_Sparsity,3
adjacent_vertex,2.2934991575465036,1.0008257982890314,5.442499852463269,0.582901554404145,15_Vertices_0.2_Sparsity,3
vertex_to_global_color,2.324270953638166,0.9976529548629507,1.222933456718674,0.11272545090180361,15_Vertices_0.2_Sparsity,3
"['vertex_to_global_color', 'vertex_unique_color']",2.3263990204452205,0.9974335324165353,3.2210107679497653,0.504060487258471,15_Vertices_0.2_Sparsity,3
"['vertex_to_global_color', 'adjacent_vertex']",13.587309886121226,-0.1636656411712415,7.306168473557698,0.6038917468127936,15_Vertices_0.2_Sparsity,3
"['vertex_to_global_color', 'vertex_unique_color', 'adjacent_vertex']",13.303905275162416,-0.13444412760982627,17.749897220209608,0.7070790605358915,15_Vertices_0.2_Sparsity,3
['vertex_to_global_color'],2.324270953638166,0.9976529548629507,0.9852391359653886,0.11272545090180361,15_Vertices_0.2_Sparsity,3
vertex_unique_color,2.317010915188684,0.9972566047321381,3.850787285733724,0.5046459468119192,15_Vertices_0.4_Sparsity,3
adjacent_vertex,2.2950968539750694,1.0011021060969374,4.118305977882266,0.5596696097977784,15_Vertices_0.4_Sparsity,3
vertex_to_global_color,2.3249788767043884,0.9958583788814099,1.2068266319940735,0.12704686617730096,15_Vertices_0.4_Sparsity,3
"['vertex_to_global_color', 'vertex_unique_color']",2.327082349130041,0.9954892594377425,3.4260809696541155,0.5379557680812911,15_Vertices_0.4_Sparsity,3
"['vertex_to_global_color', 'adjacent_vertex']",8.994385762613662,-0.17449580750884075,6.630404266775833,0.5861884368308351,15_Vertices_0.4_Sparsity,3
"['vertex_to_global_color', 'vertex_unique_color', 'adjacent_vertex']",9.210110311053784,-0.2123513668851108,14.846224877973327,0.7089060440594992,15_Vertices_0.4_Sparsity,3
['vertex_to_global_color'],2.3249788767043884,0.9958583788814099,1.2332901670401801,0.12704686617730096,15_Vertices_0.4_Sparsity,3
vertex_unique_color,2.317010915188684,0.9972566047321381,3.850787285733724,0.5046459468119192,15_Vertices_0.4_Sparsity,3
adjacent_vertex,2.2950968539750694,1.0011021060969374,4.118305977882266,0.5596696097977784,15_Vertices_0.4_Sparsity,3
vertex_to_global_color,2.3249788767043884,0.9958583788814099,1.2068266319940735,0.12704686617730096,15_Vertices_0.4_Sparsity,3
"['vertex_to_global_color', 'vertex_unique_color']",2.327082349130041,0.9954892594377425,3.4260809696541155,0.5379557680812911,15_Vertices_0.4_Sparsity,3
"['vertex_to_global_color', 'adjacent_vertex']",8.994385762613662,-0.17449580750884075,6.630404266775833,0.5861884368308351,15_Vertices_0.4_Sparsity,3
"['vertex_to_global_color', 'vertex_unique_color', 'adjacent_vertex']",9.210110311053784,-0.2123513668851108,14.846224877973327,0.7089060440594992,15_Vertices_0.4_Sparsity,3
['vertex_to_global_color'],2.3249788767043884,0.9958583788814099,1.2332901670401801,0.12704686617730096,15_Vertices_0.4_Sparsity,3
vertex_unique_color,2.317010915188684,0.9972566047321381,3.850787285733724,0.5046459468119192,15_Vertices_0.4_Sparsity,3
adjacent_vertex,2.2950968539750694,1.0011021060969374,4.118305977882266,0.5596696097977784,15_Vertices_0.4_Sparsity,3
vertex_to_global_color,2.3249788767043884,0.9958583788814099,1.2068266319940735,0.12704686617730096,15_Vertices_0.4_Sparsity,3
"['vertex_to_global_color', 'vertex_unique_color']",2.327082349130041,0.9954892594377425,3.4260809696541155,0.5379557680812911,15_Vertices_0.4_Sparsity,3
"['vertex_to_global_color', 'adjacent_vertex']",8.994385762613662,-0.17449580750884075,6.630404266775833,0.5861884368308351,15_Vertices_0.4_Sparsity,3
"['vertex_to_global_color', 'vertex_unique_color', 'adjacent_vertex']",9.210110311053784,-0.2123513668851108,14.846224877973327,0.7089060440594992,15_Vertices_0.4_Sparsity,3
['vertex_to_global_color'],2.3249788767043884,0.9958583788814099,1.2332901670401801,0.12704686617730096,15_Vertices_0.4_Sparsity,3
vertex_unique_color,2.317010915188684,0.9972566047321381,3.850787285733724,0.5046459468119192,15_Vertices_0.4_Sparsity,3
adjacent_vertex,2.2950968539750694,1.0011021060969374,4.118305977882266,0.5596696097977784,15_Vertices_0.4_Sparsity,3
vertex_to_global_color,2.3249788767043884,0.9958583788814099,1.2068266319940735,0.12704686617730096,15_Vertices_0.4_Sparsity,3
"['vertex_to_global_color', 'vertex_unique_color']",2.327082349130041,0.9954892594377425,3.4260809696541155,0.5379557680812911,15_Vertices_0.4_Sparsity,3
"['vertex_to_global_color', 'adjacent_vertex']",8.994385762613662,-0.17449580750884075,6.630404266775833,0.5861884368308351,15_Vertices_0.4_Sparsity,3
"['vertex_to_global_color', 'vertex_unique_color', 'adjacent_vertex']",9.210110311053784,-0.2123513668851108,14.846224877973327,0.7089060440594992,15_Vertices_0.4_Sparsity,3
['vertex_to_global_color'],2.3249788767043884,0.9958583788814099,1.2332901670401801,0.12704686617730096,15_Vertices_0.4_Sparsity,3
vertex_unique_color,2.316315974388944,0.994094883304977,5.251394659411679,0.5495464061409631,15_Vertices_0.6_Sparsity,3
adjacent_vertex,2.295128617957765,0.9998125948330444,2.971839936773592,0.5055534278054385,15_Vertices_0.6_Sparsity,3
vertex_to_global_color,2.326157330166917,0.9914390525237134,1.2023712278665006,0.14841688654353563,15_Vertices_0.6_Sparsity,3
"['vertex_to_global_color', 'vertex_unique_color']",2.3282185243919686,0.9908828097465439,4.196747055169079,0.5823358136525396,15_Vertices_0.6_Sparsity,3
"['vertex_to_global_color', 'adjacent_vertex']",6.521946106623196,-0.1408546309476159,4.3282015991117895,0.5447813822284908,15_Vertices_0.6_Sparsity,3
"['vertex_to_global_color', 'vertex_unique_color', 'adjacent_vertex']",6.819094977308164,-0.22104450876396262,15.676467921348692,0.707322602584448,15_Vertices_0.6_Sparsity,3
['vertex_to_global_color'],2.326157330166917,0.9914390525237134,1.4951734826038288,0.14841688654353563,15_Vertices_0.6_Sparsity,3
vertex_unique_color,2.316315974388944,0.994094883304977,5.251394659411679,0.5495464061409631,15_Vertices_0.6_Sparsity,3
adjacent_vertex,2.295128617957765,0.9998125948330444,2.971839936773592,0.5055534278054385,15_Vertices_0.6_Sparsity,3
vertex_to_global_color,2.326157330166917,0.9914390525237134,1.2023712278665006,0.14841688654353563,15_Vertices_0.6_Sparsity,3
"['vertex_to_global_color', 'vertex_unique_color']",2.3282185243919686,0.9908828097465439,4.196747055169079,0.5823358136525396,15_Vertices_0.6_Sparsity,3
"['vertex_to_global_color', 'adjacent_vertex']",6.521946106623196,-0.1408546309476159,4.3282015991117895,0.5447813822284908,15_Vertices_0.6_Sparsity,3
"['vertex_to_global_color', 'vertex_unique_color', 'adjacent_vertex']",6.819094977308164,-0.22104450876396262,15.676467921348692,0.707322602584448,15_Vertices_0.6_Sparsity,3
['vertex_to_global_color'],2.326157330166917,0.9914390525237134,1.4951734826038288,0.14841688654353563,15_Vertices_0.6_Sparsity,3
vertex_unique_color,2.316315974388944,0.994094883304977,5.251394659411679,0.5495464061409631,15_Vertices_0.6_Sparsity,3
adjacent_vertex,2.295128617957765,0.9998125948330444,2.971839936773592,0.5055534278054385,15_Vertices_0.6_Sparsity,3
vertex_to_global_color,2.326157330166917,0.9914390525237134,1.2023712278665006,0.14841688654353563,15_Vertices_0.6_Sparsity,3
"['vertex_to_global_color', 'vertex_unique_color']",2.3282185243919686,0.9908828097465439,4.196747055169079,0.5823358136525396,15_Vertices_0.6_Sparsity,3
"['vertex_to_global_color', 'adjacent_vertex']",6.521946106623196,-0.1408546309476159,4.3282015991117895,0.5447813822284908,15_Vertices_0.6_Sparsity,3
"['vertex_to_global_color', 'vertex_unique_color', 'adjacent_vertex']",6.819094977308164,-0.22104450876396262,15.676467921348692,0.707322602584448,15_Vertices_0.6_Sparsity,3
['vertex_to_global_color'],2.326157330166917,0.9914390525237134,1.4951734826038288,0.14841688654353563,15_Vertices_0.6_Sparsity,3
vertex_unique_color,2.316315974388944,0.994094883304977,5.251394659411679,0.5495464061409631,15_Vertices_0.6_Sparsity,3
adjacent_vertex,2.295128617957765,0.9998125948330444,2.971839936773592,0.5055534278054385,15_Vertices_0.6_Sparsity,3
vertex_to_global_color,2.326157330166917,0.9914390525237134,1.2023712278665006,0.14841688654353563,15_Vertices_0.6_Sparsity,3
"['vertex_to_global_color', 'vertex_unique_color']",2.3282185243919686,0.9908828097465439,4.196747055169079,0.5823358136525396,15_Vertices_0.6_Sparsity,3
"['vertex_to_global_color', 'adjacent_vertex']",6.521946106623196,-0.1408546309476159,4.3282015991117895,0.5447813822284908,15_Vertices_0.6_Sparsity,3
"['vertex_to_global_color', 'vertex_unique_color', 'adjacent_vertex']",6.819094977308164,-0.22104450876396262,15.676467921348692,0.707322602584448,15_Vertices_0.6_Sparsity,3
['vertex_to_global_color'],2.326157330166917,0.9914390525237134,1.4951734826038288,0.14841688654353563,15_Vertices_0.6_Sparsity,3
vertex_unique_color,2.315146673118809,0.9874278340805119,5.91700089412988,0.6601005867560771,15_Vertices_0.8_Sparsity,3
adjacent_vertex,2.297249586089508,0.9979166295143589,2.134008787039973,0.43719639139486466,15_Vertices_0.8_Sparsity,3
vertex_to_global_color,2.345519695587849,0.969627371979399,1.6039561676393543,0.2171814671814672,15_Vertices_0.8_Sparsity,3
"['vertex_to_global_color', 'vertex_unique_color']",2.333184142472757,0.9768567659570739,4.121024621423123,0.6893910379165071,15_Vertices_0.8_Sparsity,3
"['vertex_to_global_color', 'adjacent_vertex']",4.296317799444039,-0.17366048322208852,1.9693439143463567,0.5132052821128451,15_Vertices_0.8_Sparsity,3
"['vertex_to_global_color', 'vertex_unique_color', 'adjacent_vertex']",4.332023014957537,-0.19458593890263345,8.620776807470698,0.7497685899413761,15_Vertices_0.8_Sparsity,3
['vertex_to_global_color'],2.345519695587849,0.969627371979399,0.9469763841159112,0.2171814671814672,15_Vertices_0.8_Sparsity,3
vertex_unique_color,2.315146673118809,0.9874278340805119,5.91700089412988,0.6601005867560771,15_Vertices_0.8_Sparsity,3
adjacent_vertex,2.297249586089508,0.9979166295143589,2.134008787039973,0.43719639139486466,15_Vertices_0.8_Sparsity,3
vertex_to_global_color,2.345519695587849,0.969627371979399,1.6039561676393543,0.2171814671814672,15_Vertices_0.8_Sparsity,3
"['vertex_to_global_color', 'vertex_unique_color']",2.333184142472757,0.9768567659570739,4.121024621423123,0.6893910379165071,15_Vertices_0.8_Sparsity,3
"['vertex_to_global_color', 'adjacent_vertex']",4.296317799444039,-0.17366048322208852,1.9693439143463567,0.5132052821128451,15_Vertices_0.8_Sparsity,3
"['vertex_to_global_color', 'vertex_unique_color', 'adjacent_vertex']",4.332023014957537,-0.19458593890263345,8.620776807470698,0.7497685899413761,15_Vertices_0.8_Sparsity,3
['vertex_to_global_color'],2.345519695587849,0.969627371979399,0.9469763841159112,0.2171814671814672,15_Vertices_0.8_Sparsity,3
vertex_unique_color,2.315146673118809,0.9874278340805119,5.91700089412988,0.6601005867560771,15_Vertices_0.8_Sparsity,3
adjacent_vertex,2.297249586089508,0.9979166295143589,2.134008787039973,0.43719639139486466,15_Vertices_0.8_Sparsity,3
vertex_to_global_color,2.345519695587849,0.969627371979399,1.6039561676393543,0.2171814671814672,15_Vertices_0.8_Sparsity,3
"['vertex_to_global_color', 'vertex_unique_color']",2.333184142472757,0.9768567659570739,4.121024621423123,0.6893910379165071,15_Vertices_0.8_Sparsity,3
"['vertex_to_global_color', 'adjacent_vertex']",4.296317799444039,-0.17366048322208852,1.9693439143463567,0.5132052821128451,15_Vertices_0.8_Sparsity,3
"['vertex_to_global_color', 'vertex_unique_color', 'adjacent_vertex']",4.332023014957537,-0.19458593890263345,8.620776807470698,0.7497685899413761,15_Vertices_0.8_Sparsity,3
['vertex_to_global_color'],2.345519695587849,0.969627371979399,0.9469763841159112,0.2171814671814672,15_Vertices_0.8_Sparsity,3
vertex_unique_color,2.315146673118809,0.9874278340805119,5.91700089412988,0.6601005867560771,15_Vertices_0.8_Sparsity,3
adjacent_vertex,2.297249586089508,0.9979166295143589,2.134008787039973,0.43719639139486466,15_Vertices_0.8_Sparsity,3
vertex_to_global_color,2.345519695587849,0.969627371979399,1.6039561676393543,0.2171814671814672,15_Vertices_0.8_Sparsity,3
"['vertex_to_global_color', 'vertex_unique_color']",2.333184142472757,0.9768567659570739,4.121024621423123,0.6893910379165071,15_Vertices_0.8_Sparsity,3
"['vertex_to_global_color', 'adjacent_vertex']",4.296317799444039,-0.17366048322208852,1.9693439143463567,0.5132052821128451,15_Vertices_0.8_Sparsity,3
"['vertex_to_global_color', 'vertex_unique_color', 'adjacent_vertex']",4.332023014957537,-0.19458593890263345,8.620776807470698,0.7497685899413761,15_Vertices_0.8_Sparsity,3
['vertex_to_global_color'],2.345519695587849,0.969627371979399,0.9469763841159112,0.2171814671814672,15_Vertices_0.8_Sparsity,3
vertex_unique_color,2.3171787458000024,0.99853661575002,3.510323376841504,0.4665284360189573,15_Vertices_0.2_Sparsity,4
adjacent_vertex,2.290277266027064,1.0010511305894942,5.945780975198219,0.5930863081789426,15_Vertices_0.2_Sparsity,4
vertex_to_global_color,2.324192251827464,0.9978810546012784,1.1286221951516158,0.11105626850937808,15_Vertices_0.2_Sparsity,4
"['vertex_to_global_color', 'vertex_unique_color']",2.326323017506155,0.9976818892778935,3.2724354086106406,0.49986114968064427,15_Vertices_0.2_Sparsity,4
"['vertex_to_global_color', 'adjacent_vertex']",0.9999999999989717,1.1216549546113879,8.483497414027765,0.612771447000645,15_Vertices_0.2_Sparsity,4
"['vertex_to_global_color', 'vertex_unique_color', 'adjacent_vertex']",13.988754723161158,-0.09242013617741907,18.381713488948563,0.7107292001284934,15_Vertices_0.2_Sparsity,4
['vertex_to_global_color'],2.324192251827464,0.9978810546012784,1.1584974622915247,0.11105626850937808,15_Vertices_0.2_Sparsity,4
vertex_unique_color,2.3171787458000024,0.99853661575002,3.510323376841504,0.4665284360189573,15_Vertices_0.2_Sparsity,4
adjacent_vertex,2.290277266027064,1.0010511305894942,5.945780975198219,0.5930863081789426,15_Vertices_0.2_Sparsity,4
vertex_to_global_color,2.324192251827464,0.9978810546012784,1.1286221951516158,0.11105626850937808,15_Vertices_0.2_Sparsity,4
"['vertex_to_global_color', 'vertex_unique_color']",2.326323017506155,0.9976818892778935,3.2724354086106406,0.49986114968064427,15_Vertices_0.2_Sparsity,4
"['vertex_to_global_color', 'adjacent_vertex']",0.9999999999989717,1.1216549546113879,8.483497414027765,0.612771447000645,15_Vertices_0.2_Sparsity,4
"['vertex_to_global_color', 'vertex_unique_color', 'adjacent_vertex']",13.988754723161158,-0.09242013617741907,18.381713488948563,0.7107292001284934,15_Vertices_0.2_Sparsity,4
['vertex_to_global_color'],2.324192251827464,0.9978810546012784,1.1584974622915247,0.11105626850937808,15_Vertices_0.2_Sparsity,4
vertex_unique_color,2.3171787458000024,0.99853661575002,3.510323376841504,0.4665284360189573,15_Vertices_0.2_Sparsity,4
adjacent_vertex,2.290277266027064,1.0010511305894942,5.945780975198219,0.5930863081789426,15_Vertices_0.2_Sparsity,4
vertex_to_global_color,2.324192251827464,0.9978810546012784,1.1286221951516158,0.11105626850937808,15_Vertices_0.2_Sparsity,4
"['vertex_to_global_color', 'vertex_unique_color']",2.326323017506155,0.9976818892778935,3.2724354086106406,0.49986114968064427,15_Vertices_0.2_Sparsity,4
"['vertex_to_global_color', 'adjacent_vertex']",0.9999999999989717,1.1216549546113879,8.483497414027765,0.612771447000645,15_Vertices_0.2_Sparsity,4
"['vertex_to_global_color', 'vertex_unique_color', 'adjacent_vertex']",13.988754723161158,-0.09242013617741907,18.381713488948563,0.7107292001284934,15_Vertices_0.2_Sparsity,4
['vertex_to_global_color'],2.324192251827464,0.9978810546012784,1.1584974622915247,0.11105626850937808,15_Vertices_0.2_Sparsity,4
vertex_unique_color,2.3171787458000024,0.99853661575002,3.510323376841504,0.4665284360189573,15_Vertices_0.2_Sparsity,4
adjacent_vertex,2.290277266027064,1.0010511305894942,5.945780975198219,0.5930863081789426,15_Vertices_0.2_Sparsity,4
vertex_to_global_color,2.324192251827464,0.9978810546012784,1.1286221951516158,0.11105626850937808,15_Vertices_0.2_Sparsity,4
"['vertex_to_global_color', 'vertex_unique_color']",2.326323017506155,0.9976818892778935,3.2724354086106406,0.49986114968064427,15_Vertices_0.2_Sparsity,4
"['vertex_to_global_color', 'adjacent_vertex']",0.9999999999989717,1.1216549546113879,8.483497414027765,0.612771447000645,15_Vertices_0.2_Sparsity,4
"['vertex_to_global_color', 'vertex_unique_color', 'adjacent_vertex']",13.988754723161158,-0.09242013617741907,18.381713488948563,0.7107292001284934,15_Vertices_0.2_Sparsity,4
['vertex_to_global_color'],2.324192251827464,0.9978810546012784,1.1584974622915247,0.11105626850937808,15_Vertices_0.2_Sparsity,4
vertex_unique_color,2.317116963805739,0.9979674115856603,3.899201219057527,0.48150412717823293,15_Vertices_0.4_Sparsity,4
adjacent_vertex,2.295729740630126,1.000745503045991,4.377500173513416,0.556717198118139,15_Vertices_0.4_Sparsity,4
vertex_to_global_color,2.3244821618166083,0.997010709842305,1.1520875405498918,0.11712649661634565,15_Vertices_0.4_Sparsity,4
"['vertex_to_global_color', 'vertex_unique_color']",2.326602951201373,0.9967352300929891,3.2320466507266534,0.5148741418764302,15_Vertices_0.4_Sparsity,4
"['vertex_to_global_color', 'adjacent_vertex']",11.725915726436503,-0.22418767043732332,7.318505612159201,0.5813379412490743,15_Vertices_0.4_Sparsity,4
"['vertex_to_global_color', 'vertex_unique_color', 'adjacent_vertex']",11.677052643815532,-0.21784060464761668,14.349344815922262,0.6985424813366513,15_Vertices_0.4_Sparsity,4
['vertex_to_global_color'],2.3244821618166083,0.997010709842305,1.2451170486670944,0.11712649661634565,15_Vertices_0.4_Sparsity,4
vertex_unique_color,2.317116963805739,0.9979674115856603,3.899201219057527,0.48150412717823293,15_Vertices_0.4_Sparsity,4
adjacent_vertex,2.295729740630126,1.000745503045991,4.377500173513416,0.556717198118139,15_Vertices_0.4_Sparsity,4
vertex_to_global_color,2.3244821618166083,0.997010709842305,1.1520875405498918,0.11712649661634565,15_Vertices_0.4_Sparsity,4
"['vertex_to_global_color', 'vertex_unique_color']",2.326602951201373,0.9967352300929891,3.2320466507266534,0.5148741418764302,15_Vertices_0.4_Sparsity,4
"['vertex_to_global_color', 'adjacent_vertex']",11.725915726436503,-0.22418767043732332,7.318505612159201,0.5813379412490743,15_Vertices_0.4_Sparsity,4
"['vertex_to_global_color', 'vertex_unique_color', 'adjacent_vertex']",11.677052643815532,-0.21784060464761668,14.349344815922262,0.6985424813366513,15_Vertices_0.4_Sparsity,4
['vertex_to_global_color'],2.3244821618166083,0.997010709842305,1.2451170486670944,0.11712649661634565,15_Vertices_0.4_Sparsity,4
vertex_unique_color,2.317116963805739,0.9979674115856603,3.899201219057527,0.48150412717823293,15_Vertices_0.4_Sparsity,4
adjacent_vertex,2.295729740630126,1.000745503045991,4.377500173513416,0.556717198118139,15_Vertices_0.4_Sparsity,4
vertex_to_global_color,2.3244821618166083,0.997010709842305,1.1520875405498918,0.11712649661634565,15_Vertices_0.4_Sparsity,4
"['vertex_to_global_color', 'vertex_unique_color']",2.326602951201373,0.9967352300929891,3.2320466507266534,0.5148741418764302,15_Vertices_0.4_Sparsity,4
"['vertex_to_global_color', 'adjacent_vertex']",11.725915726436503,-0.22418767043732332,7.318505612159201,0.5813379412490743,15_Vertices_0.4_Sparsity,4
"['vertex_to_global_color', 'vertex_unique_color', 'adjacent_vertex']",11.677052643815532,-0.21784060464761668,14.349344815922262,0.6985424813366513,15_Vertices_0.4_Sparsity,4
['vertex_to_global_color'],2.3244821618166083,0.997010709842305,1.2451170486670944,0.11712649661634565,15_Vertices_0.4_Sparsity,4
vertex_unique_color,2.317116963805739,0.9979674115856603,3.899201219057527,0.48150412717823293,15_Vertices_0.4_Sparsity,4
adjacent_vertex,2.295729740630126,1.000745503045991,4.377500173513416,0.556717198118139,15_Vertices_0.4_Sparsity,4
vertex_to_global_color,2.3244821618166083,0.997010709842305,1.1520875405498918,0.11712649661634565,15_Vertices_0.4_Sparsity,4
"['vertex_to_global_color', 'vertex_unique_color']",2.326602951201373,0.9967352300929891,3.2320466507266534,0.5148741418764302,15_Vertices_0.4_Sparsity,4
"['vertex_to_global_color', 'adjacent_vertex']",11.725915726436503,-0.22418767043732332,7.318505612159201,0.5813379412490743,15_Vertices_0.4_Sparsity,4
"['vertex_to_global_color', 'vertex_unique_color', 'adjacent_vertex']",11.677052643815532,-0.21784060464761668,14.349344815922262,0.6985424813366513,15_Vertices_0.4_Sparsity,4
['vertex_to_global_color'],2.3244821618166083,0.997010709842305,1.2451170486670944,0.11712649661634565,15_Vertices_0.4_Sparsity,4
vertex_unique_color,2.3162089797528633,0.9941057828615968,4.915809706048381,0.5643138659978503,15_Vertices_0.6_Sparsity,4
adjacent_vertex,2.2952550163680163,0.9997604076924455,2.792693230942921,0.4838709677419355,15_Vertices_0.6_Sparsity,4
vertex_to_global_color,2.3266245355549464,0.9912950468025589,1.4197025496006161,0.15614156835530882,15_Vertices_0.6_Sparsity,4
"['vertex_to_global_color', 'vertex_unique_color']",2.3286681900838517,0.9907435473352466,4.475417463961665,0.596816976127321,15_Vertices_0.6_Sparsity,4
"['vertex_to_global_color', 'adjacent_vertex']",6.0738274611856,-0.01992303735342481,4.095765123656622,0.5288647810925998,15_Vertices_0.6_Sparsity,4
"['vertex_to_global_color', 'vertex_unique_color', 'adjacent_vertex']",6.35444646291864,-0.0956507240952608,13.631199287980248,0.7074109720885466,15_Vertices_0.6_Sparsity,4
['vertex_to_global_color'],2.3266245355549464,0.9912950468025589,1.4708821253825664,0.15614156835530882,15_Vertices_0.6_Sparsity,4
vertex_unique_color,2.3162089797528633,0.9941057828615968,4.915809706048381,0.5643138659978503,15_Vertices_0.6_Sparsity,4
adjacent_vertex,2.2952550163680163,0.9997604076924455,2.792693230942921,0.4838709677419355,15_Vertices_0.6_Sparsity,4
vertex_to_global_color,2.3266245355549464,0.9912950468025589,1.4197025496006161,0.15614156835530882,15_Vertices_0.6_Sparsity,4
"['vertex_to_global_color', 'vertex_unique_color']",2.3286681900838517,0.9907435473352466,4.475417463961665,0.596816976127321,15_Vertices_0.6_Sparsity,4
"['vertex_to_global_color', 'adjacent_vertex']",6.0738274611856,-0.01992303735342481,4.095765123656622,0.5288647810925998,15_Vertices_0.6_Sparsity,4
"['vertex_to_global_color', 'vertex_unique_color', 'adjacent_vertex']",6.35444646291864,-0.0956507240952608,13.631199287980248,0.7074109720885466,15_Vertices_0.6_Sparsity,4
['vertex_to_global_color'],2.3266245355549464,0.9912950468025589,1.4708821253825664,0.15614156835530882,15_Vertices_0.6_Sparsity,4
vertex_unique_color,2.3162089797528633,0.9941057828615968,4.915809706048381,0.5643138659978503,15_Vertices_0.6_Sparsity,4
adjacent_vertex,2.2952550163680163,0.9997604076924455,2.792693230942921,0.4838709677419355,15_Vertices_0.6_Sparsity,4
vertex_to_global_color,2.3266245355549464,0.9912950468025589,1.4197025496006161,0.15614156835530882,15_Vertices_0.6_Sparsity,4
"['vertex_to_global_color', 'vertex_unique_color']",2.3286681900838517,0.9907435473352466,4.475417463961665,0.596816976127321,15_Vertices_0.6_Sparsity,4
"['vertex_to_global_color', 'adjacent_vertex']",6.0738274611856,-0.01992303735342481,4.095765123656622,0.5288647810925998,15_Vertices_0.6_Sparsity,4
"['vertex_to_global_color', 'vertex_unique_color', 'adjacent_vertex']",6.35444646291864,-0.0956507240952608,13.631199287980248,0.7074109720885466,15_Vertices_0.6_Sparsity,4
['vertex_to_global_color'],2.3266245355549464,0.9912950468025589,1.4708821253825664,0.15614156835530882,15_Vertices_0.6_Sparsity,4
vertex_unique_color,2.3162089797528633,0.9941057828615968,4.915809706048381,0.5643138659978503,15_Vertices_0.6_Sparsity,4
adjacent_vertex,2.2952550163680163,0.9997604076924455,2.792693230942921,0.4838709677419355,15_Vertices_0.6_Sparsity,4
vertex_to_global_color,2.3266245355549464,0.9912950468025589,1.4197025496006161,0.15614156835530882,15_Vertices_0.6_Sparsity,4
"['vertex_to_global_color', 'vertex_unique_color']",2.3286681900838517,0.9907435473352466,4.475417463961665,0.596816976127321,15_Vertices_0.6_Sparsity,4
"['vertex_to_global_color', 'adjacent_vertex']",6.0738274611856,-0.01992303735342481,4.095765123656622,0.5288647810925998,15_Vertices_0.6_Sparsity,4
"['vertex_to_global_color', 'vertex_unique_color', 'adjacent_vertex']",6.35444646291864,-0.0956507240952608,13.631199287980248,0.7074109720885466,15_Vertices_0.6_Sparsity,4
['vertex_to_global_color'],2.3266245355549464,0.9912950468025589,1.4708821253825664,0.15614156835530882,15_Vertices_0.6_Sparsity,4
vertex_unique_color,2.3147447877510565,0.9875198230863086,6.336470050500311,0.6815231501514496,15_Vertices_0.8_Sparsity,4
adjacent_vertex,2.2933837733993516,1.0000368738927496,1.6435540641323139,0.41633624107850914,15_Vertices_0.8_Sparsity,4
vertex_to_global_color,2.3479190868480653,0.9680804659271206,1.6585981274264185,0.23413111342351717,15_Vertices_0.8_Sparsity,4
"['vertex_to_global_color', 'vertex_unique_color']",2.334865150915034,0.9757297646264933,6.181833356855727,0.7097791798107256,15_Vertices_0.8_Sparsity,4
"['vertex_to_global_color', 'adjacent_vertex']",4.344899038498411,-0.20210270527872842,2.811599238590863,0.5047106325706595,15_Vertices_0.8_Sparsity,4
"['vertex_to_global_color', 'vertex_unique_color', 'adjacent_vertex']",4.378996096163278,-0.2220827772038814,13.695907748276477,0.7595557007513885,15_Vertices_0.8_Sparsity,4
['vertex_to_global_color'],2.3479190868480653,0.9680804659271206,1.6930041057920253,0.23413111342351717,15_Vertices_0.8_Sparsity,4
vertex_unique_color,2.3147447877510565,0.9875198230863086,6.336470050500311,0.6815231501514496,15_Vertices_0.8_Sparsity,4
adjacent_vertex,2.2933837733993516,1.0000368738927496,1.6435540641323139,0.41633624107850914,15_Vertices_0.8_Sparsity,4
vertex_to_global_color,2.3479190868480653,0.9680804659271206,1.6585981274264185,0.23413111342351717,15_Vertices_0.8_Sparsity,4
"['vertex_to_global_color', 'vertex_unique_color']",2.334865150915034,0.9757297646264933,6.181833356855727,0.7097791798107256,15_Vertices_0.8_Sparsity,4
"['vertex_to_global_color', 'adjacent_vertex']",4.344899038498411,-0.20210270527872842,2.811599238590863,0.5047106325706595,15_Vertices_0.8_Sparsity,4
"['vertex_to_global_color', 'vertex_unique_color', 'adjacent_vertex']",4.378996096163278,-0.2220827772038814,13.695907748276477,0.7595557007513885,15_Vertices_0.8_Sparsity,4
['vertex_to_global_color'],2.3479190868480653,0.9680804659271206,1.6930041057920253,0.23413111342351717,15_Vertices_0.8_Sparsity,4
vertex_unique_color,2.3147447877510565,0.9875198230863086,6.336470050500311,0.6815231501514496,15_Vertices_0.8_Sparsity,4
adjacent_vertex,2.2933837733993516,1.0000368738927496,1.6435540641323139,0.41633624107850914,15_Vertices_0.8_Sparsity,4
vertex_to_global_color,2.3479190868480653,0.9680804659271206,1.6585981274264185,0.23413111342351717,15_Vertices_0.8_Sparsity,4
"['vertex_to_global_color', 'vertex_unique_color']",2.334865150915034,0.9757297646264933,6.181833356855727,0.7097791798107256,15_Vertices_0.8_Sparsity,4
"['vertex_to_global_color', 'adjacent_vertex']",4.344899038498411,-0.20210270527872842,2.811599238590863,0.5047106325706595,15_Vertices_0.8_Sparsity,4
"['vertex_to_global_color', 'vertex_unique_color', 'adjacent_vertex']",4.378996096163278,-0.2220827772038814,13.695907748276477,0.7595557007513885,15_Vertices_0.8_Sparsity,4
['vertex_to_global_color'],2.3479190868480653,0.9680804659271206,1.6930041057920253,0.23413111342351717,15_Vertices_0.8_Sparsity,4
vertex_unique_color,2.3147447877510565,0.9875198230863086,6.336470050500311,0.6815231501514496,15_Vertices_0.8_Sparsity,4
adjacent_vertex,2.2933837733993516,1.0000368738927496,1.6435540641323139,0.41633624107850914,15_Vertices_0.8_Sparsity,4
vertex_to_global_color,2.3479190868480653,0.9680804659271206,1.6585981274264185,0.23413111342351717,15_Vertices_0.8_Sparsity,4
"['vertex_to_global_color', 'vertex_unique_color']",2.334865150915034,0.9757297646264933,6.181833356855727,0.7097791798107256,15_Vertices_0.8_Sparsity,4
"['vertex_to_global_color', 'adjacent_vertex']",4.344899038498411,-0.20210270527872842,2.811599238590863,0.5047106325706595,15_Vertices_0.8_Sparsity,4
"['vertex_to_global_color', 'vertex_unique_color', 'adjacent_vertex']",4.378996096163278,-0.2220827772038814,13.695907748276477,0.7595557007513885,15_Vertices_0.8_Sparsity,4
['vertex_to_global_color'],2.3479190868480653,0.9680804659271206,1.6930041057920253,0.23413111342351717,15_Vertices_0.8_Sparsity,4
vertex_unique_color,2.3171263423836956,0.9983864368942262,3.671283255813473,0.47930614729153986,15_Vertices_0.2_Sparsity,5
adjacent_vertex,2.2943948652632167,1.000730245070408,5.329942807799293,0.5837995621503284,15_Vertices_0.2_Sparsity,5
vertex_to_global_color,2.324438165359734,0.9976325259018519,1.1903138392317631,0.11621900826446281,15_Vertices_0.2_Sparsity,5
"['vertex_to_global_color', 'vertex_unique_color']",2.326560474874297,0.9974136977823128,3.295317356288715,0.5126744517231558,15_Vertices_0.2_Sparsity,5
"['vertex_to_global_color', 'adjacent_vertex']",13.394455484974273,-0.14378019297566696,8.082211851810536,0.6053966789667896,15_Vertices_0.2_Sparsity,5
"['vertex_to_global_color', 'vertex_unique_color', 'adjacent_vertex']",13.072412921395784,-0.11057487201947463,18.164675217091762,0.7105396717983421,15_Vertices_0.2_Sparsity,5
['vertex_to_global_color'],2.324438165359734,0.9976325259018519,1.1856019641807634,0.11621900826446281,15_Vertices_0.2_Sparsity,5
vertex_unique_color,2.3171263423836956,0.9983864368942262,3.671283255813473,0.47930614729153986,15_Vertices_0.2_Sparsity,5
adjacent_vertex,2.2943948652632167,1.000730245070408,5.329942807799293,0.5837995621503284,15_Vertices_0.2_Sparsity,5
vertex_to_global_color,2.324438165359734,0.9976325259018519,1.1903138392317631,0.11621900826446281,15_Vertices_0.2_Sparsity,5
"['vertex_to_global_color', 'vertex_unique_color']",2.326560474874297,0.9974136977823128,3.295317356288715,0.5126744517231558,15_Vertices_0.2_Sparsity,5
"['vertex_to_global_color', 'adjacent_vertex']",13.394455484974273,-0.14378019297566696,8.082211851810536,0.6053966789667896,15_Vertices_0.2_Sparsity,5
"['vertex_to_global_color', 'vertex_unique_color', 'adjacent_vertex']",13.072412921395784,-0.11057487201947463,18.164675217091762,0.7105396717983421,15_Vertices_0.2_Sparsity,5
['vertex_to_global_color'],2.324438165359734,0.9976325259018519,1.1856019641807634,0.11621900826446281,15_Vertices_0.2_Sparsity,5
vertex_unique_color,2.3171263423836956,0.9983864368942262,3.671283255813473,0.47930614729153986,15_Vertices_0.2_Sparsity,5
adjacent_vertex,2.2943948652632167,1.000730245070408,5.329942807799293,0.5837995621503284,15_Vertices_0.2_Sparsity,5
vertex_to_global_color,2.324438165359734,0.9976325259018519,1.1903138392317631,0.11621900826446281,15_Vertices_0.2_Sparsity,5
"['vertex_to_global_color', 'vertex_unique_color']",2.326560474874297,0.9974136977823128,3.295317356288715,0.5126744517231558,15_Vertices_0.2_Sparsity,5
"['vertex_to_global_color', 'adjacent_vertex']",13.394455484974273,-0.14378019297566696,8.082211851810536,0.6053966789667896,15_Vertices_0.2_Sparsity,5
"['vertex_to_global_color', 'vertex_unique_color', 'adjacent_vertex']",13.072412921395784,-0.11057487201947463,18.164675217091762,0.7105396717983421,15_Vertices_0.2_Sparsity,5
['vertex_to_global_color'],2.324438165359734,0.9976325259018519,1.1856019641807634,0.11621900826446281,15_Vertices_0.2_Sparsity,5
vertex_unique_color,2.3171263423836956,0.9983864368942262,3.671283255813473,0.47930614729153986,15_Vertices_0.2_Sparsity,5
adjacent_vertex,2.2943948652632167,1.000730245070408,5.329942807799293,0.5837995621503284,15_Vertices_0.2_Sparsity,5
vertex_to_global_color,2.324438165359734,0.9976325259018519,1.1903138392317631,0.11621900826446281,15_Vertices_0.2_Sparsity,5
"['vertex_to_global_color', 'vertex_unique_color']",2.326560474874297,0.9974136977823128,3.295317356288715,0.5126744517231558,15_Vertices_0.2_Sparsity,5
"['vertex_to_global_color', 'adjacent_vertex']",13.394455484974273,-0.14378019297566696,8.082211851810536,0.6053966789667896,15_Vertices_0.2_Sparsity,5
"['vertex_to_global_color', 'vertex_unique_color', 'adjacent_vertex']",13.072412921395784,-0.11057487201947463,18.164675217091762,0.7105396717983421,15_Vertices_0.2_Sparsity,5
['vertex_to_global_color'],2.324438165359734,0.9976325259018519,1.1856019641807634,0.11621900826446281,15_Vertices_0.2_Sparsity,5
vertex_unique_color,2.317034097890535,0.9972560319489985,3.7739893325648457,0.4998413202158045,15_Vertices_0.4_Sparsity,5
adjacent_vertex,2.2949307108526673,1.0011347699934825,3.8895772286486494,0.5352403420819817,15_Vertices_0.4_Sparsity,5
vertex_to_global_color,2.324870427383302,0.9958809001974424,1.22600658387144,0.1249305941143809,15_Vertices_0.4_Sparsity,5
"['vertex_to_global_color', 'vertex_unique_color']",2.326977704987905,0.9955111117210762,3.40698925264367,0.533175355450237,15_Vertices_0.4_Sparsity,5
"['vertex_to_global_color', 'adjacent_vertex']",9.510846830371204,-0.26512584113507254,5.450176730803896,0.5641592920353983,15_Vertices_0.4_Sparsity,5
"['vertex_to_global_color', 'vertex_unique_color', 'adjacent_vertex']",9.245353676428262,-0.21853667382852862,13.678043961313485,0.6963976112502408,15_Vertices_0.4_Sparsity,5
['vertex_to_global_color'],2.324870427383302,0.9958809001974424,1.24511912047038,0.1249305941143809,15_Vertices_0.4_Sparsity,5
vertex_unique_color,2.317034097890535,0.9972560319489985,3.7739893325648457,0.4998413202158045,15_Vertices_0.4_Sparsity,5
adjacent_vertex,2.2949307108526673,1.0011347699934825,3.8895772286486494,0.5352403420819817,15_Vertices_0.4_Sparsity,5
vertex_to_global_color,2.324870427383302,0.9958809001974424,1.22600658387144,0.1249305941143809,15_Vertices_0.4_Sparsity,5
"['vertex_to_global_color', 'vertex_unique_color']",2.326977704987905,0.9955111117210762,3.40698925264367,0.533175355450237,15_Vertices_0.4_Sparsity,5
"['vertex_to_global_color', 'adjacent_vertex']",9.510846830371204,-0.26512584113507254,5.450176730803896,0.5641592920353983,15_Vertices_0.4_Sparsity,5
"['vertex_to_global_color', 'vertex_unique_color', 'adjacent_vertex']",9.245353676428262,-0.21853667382852862,13.678043961313485,0.6963976112502408,15_Vertices_0.4_Sparsity,5
['vertex_to_global_color'],2.324870427383302,0.9958809001974424,1.24511912047038,0.1249305941143809,15_Vertices_0.4_Sparsity,5
vertex_unique_color,2.317034097890535,0.9972560319489985,3.7739893325648457,0.4998413202158045,15_Vertices_0.4_Sparsity,5
adjacent_vertex,2.2949307108526673,1.0011347699934825,3.8895772286486494,0.5352403420819817,15_Vertices_0.4_Sparsity,5
vertex_to_global_color,2.324870427383302,0.9958809001974424,1.22600658387144,0.1249305941143809,15_Vertices_0.4_Sparsity,5
"['vertex_to_global_color', 'vertex_unique_color']",2.326977704987905,0.9955111117210762,3.40698925264367,0.533175355450237,15_Vertices_0.4_Sparsity,5
"['vertex_to_global_color', 'adjacent_vertex']",9.510846830371204,-0.26512584113507254,5.450176730803896,0.5641592920353983,15_Vertices_0.4_Sparsity,5
"['vertex_to_global_color', 'vertex_unique_color', 'adjacent_vertex']",9.245353676428262,-0.21853667382852862,13.678043961313485,0.6963976112502408,15_Vertices_0.4_Sparsity,5
['vertex_to_global_color'],2.324870427383302,0.9958809001974424,1.24511912047038,0.1249305941143809,15_Vertices_0.4_Sparsity,5
vertex_unique_color,2.317034097890535,0.9972560319489985,3.7739893325648457,0.4998413202158045,15_Vertices_0.4_Sparsity,5
adjacent_vertex,2.2949307108526673,1.0011347699934825,3.8895772286486494,0.5352403420819817,15_Vertices_0.4_Sparsity,5
vertex_to_global_color,2.324870427383302,0.9958809001974424,1.22600658387144,0.1249305941143809,15_Vertices_0.4_Sparsity,5
"['vertex_to_global_color', 'vertex_unique_color']",2.326977704987905,0.9955111117210762,3.40698925264367,0.533175355450237,15_Vertices_0.4_Sparsity,5
"['vertex_to_global_color', 'adjacent_vertex']",9.510846830371204,-0.26512584113507254,5.450176730803896,0.5641592920353983,15_Vertices_0.4_Sparsity,5
"['vertex_to_global_color', 'vertex_unique_color', 'adjacent_vertex']",9.245353676428262,-0.21853667382852862,13.678043961313485,0.6963976112502408,15_Vertices_0.4_Sparsity,5
['vertex_to_global_color'],2.324870427383302,0.9958809001974424,1.24511912047038,0.1249305941143809,15_Vertices_0.4_Sparsity,5
vertex_unique_color,2.316185536322924,0.9941081735428321,4.438938833198923,0.5673631123919308,15_Vertices_0.6_Sparsity,5
adjacent_vertex,2.295278973200552,0.9997499846290219,2.7158099589479607,0.4966471081307628,15_Vertices_0.6_Sparsity,5
vertex_to_global_color,2.3267269360607195,0.9912634885720628,1.3408377774201203,0.15778401122019636,15_Vertices_0.6_Sparsity,5
"['vertex_to_global_color', 'vertex_unique_color']",2.328766819845587,0.9907130088550171,4.051848426309572,0.5998000666444518,15_Vertices_0.6_Sparsity,5
"['vertex_to_global_color', 'adjacent_vertex']",6.538937818350006,-0.14543688221428525,4.052961165195957,0.5400229797012639,15_Vertices_0.6_Sparsity,5
"['vertex_to_global_color', 'vertex_unique_color', 'adjacent_vertex']",6.8458765084039905,-0.228266857384811,11.551048685905265,0.7130912565695174,15_Vertices_0.6_Sparsity,5
['vertex_to_global_color'],2.3267269360607195,0.9912634885720628,1.3415123618132307,0.15778401122019636,15_Vertices_0.6_Sparsity,5
vertex_unique_color,2.316185536322924,0.9941081735428321,4.438938833198923,0.5673631123919308,15_Vertices_0.6_Sparsity,5
adjacent_vertex,2.295278973200552,0.9997499846290219,2.7158099589479607,0.4966471081307628,15_Vertices_0.6_Sparsity,5
vertex_to_global_color,2.3267269360607195,0.9912634885720628,1.3408377774201203,0.15778401122019636,15_Vertices_0.6_Sparsity,5
"['vertex_to_global_color', 'vertex_unique_color']",2.328766819845587,0.9907130088550171,4.051848426309572,0.5998000666444518,15_Vertices_0.6_Sparsity,5
"['vertex_to_global_color', 'adjacent_vertex']",6.538937818350006,-0.14543688221428525,4.052961165195957,0.5400229797012639,15_Vertices_0.6_Sparsity,5
"['vertex_to_global_color', 'vertex_unique_color', 'adjacent_vertex']",6.8458765084039905,-0.228266857384811,11.551048685905265,0.7130912565695174,15_Vertices_0.6_Sparsity,5
['vertex_to_global_color'],2.3267269360607195,0.9912634885720628,1.3415123618132307,0.15778401122019636,15_Vertices_0.6_Sparsity,5
vertex_unique_color,2.316185536322924,0.9941081735428321,4.438938833198923,0.5673631123919308,15_Vertices_0.6_Sparsity,5
adjacent_vertex,2.295278973200552,0.9997499846290219,2.7158099589479607,0.4966471081307628,15_Vertices_0.6_Sparsity,5
vertex_to_global_color,2.3267269360607195,0.9912634885720628,1.3408377774201203,0.15778401122019636,15_Vertices_0.6_Sparsity,5
"['vertex_to_global_color', 'vertex_unique_color']",2.328766819845587,0.9907130088550171,4.051848426309572,0.5998000666444518,15_Vertices_0.6_Sparsity,5
"['vertex_to_global_color', 'adjacent_vertex']",6.538937818350006,-0.14543688221428525,4.052961165195957,0.5400229797012639,15_Vertices_0.6_Sparsity,5
"['vertex_to_global_color', 'vertex_unique_color', 'adjacent_vertex']",6.8458765084039905,-0.228266857384811,11.551048685905265,0.7130912565695174,15_Vertices_0.6_Sparsity,5
['vertex_to_global_color'],2.3267269360607195,0.9912634885720628,1.3415123618132307,0.15778401122019636,15_Vertices_0.6_Sparsity,5
vertex_unique_color,2.316185536322924,0.9941081735428321,4.438938833198923,0.5673631123919308,15_Vertices_0.6_Sparsity,5
adjacent_vertex,2.295278973200552,0.9997499846290219,2.7158099589479607,0.4966471081307628,15_Vertices_0.6_Sparsity,5
vertex_to_global_color,2.3267269360607195,0.9912634885720628,1.3408377774201203,0.15778401122019636,15_Vertices_0.6_Sparsity,5
"['vertex_to_global_color', 'vertex_unique_color']",2.328766819845587,0.9907130088550171,4.051848426309572,0.5998000666444518,15_Vertices_0.6_Sparsity,5
"['vertex_to_global_color', 'adjacent_vertex']",6.538937818350006,-0.14543688221428525,4.052961165195957,0.5400229797012639,15_Vertices_0.6_Sparsity,5
"['vertex_to_global_color', 'vertex_unique_color', 'adjacent_vertex']",6.8458765084039905,-0.228266857384811,11.551048685905265,0.7130912565695174,15_Vertices_0.6_Sparsity,5
['vertex_to_global_color'],2.3267269360607195,0.9912634885720628,1.3415123618132307,0.15778401122019636,15_Vertices_0.6_Sparsity,5
vertex_unique_color,2.3153369376759145,0.9873853324845815,5.247126444115767,0.6478815302344714,15_Vertices_0.8_Sparsity,5
adjacent_vertex,2.297229060397255,0.9979984057021503,2.0071706497228856,0.4669987546699875,15_Vertices_0.8_Sparsity,5
vertex_to_global_color,2.3443735688290293,0.9703668886505973,1.340906393606011,0.20814061054579094,15_Vertices_0.8_Sparsity,5
"['vertex_to_global_color', 'vertex_unique_color']",2.3323799778701537,0.9773963630074911,4.903315548148252,0.677710843373494,15_Vertices_0.8_Sparsity,5
"['vertex_to_global_color', 'adjacent_vertex']",4.872791643369898,-0.5115454159656565,3.1880193106018164,0.5324959038776624,15_Vertices_0.8_Sparsity,5
"['vertex_to_global_color', 'vertex_unique_color', 'adjacent_vertex']",4.748978904606918,-0.43897845289551035,13.126715296237547,0.7486788021139166,15_Vertices_0.8_Sparsity,5
['vertex_to_global_color'],2.3443735688290293,0.9703668886505973,1.4708528849135605,0.20814061054579094,15_Vertices_0.8_Sparsity,5
vertex_unique_color,2.3153369376759145,0.9873853324845815,5.247126444115767,0.6478815302344714,15_Vertices_0.8_Sparsity,5
adjacent_vertex,2.297229060397255,0.9979984057021503,2.0071706497228856,0.4669987546699875,15_Vertices_0.8_Sparsity,5
vertex_to_global_color,2.3443735688290293,0.9703668886505973,1.340906393606011,0.20814061054579094,15_Vertices_0.8_Sparsity,5
"['vertex_to_global_color', 'vertex_unique_color']",2.3323799778701537,0.9773963630074911,4.903315548148252,0.677710843373494,15_Vertices_0.8_Sparsity,5
"['vertex_to_global_color', 'adjacent_vertex']",4.872791643369898,-0.5115454159656565,3.1880193106018164,0.5324959038776624,15_Vertices_0.8_Sparsity,5
"['vertex_to_global_color', 'vertex_unique_color', 'adjacent_vertex']",4.748978904606918,-0.43897845289551035,13.126715296237547,0.7486788021139166,15_Vertices_0.8_Sparsity,5
['vertex_to_global_color'],2.3443735688290293,0.9703668886505973,1.4708528849135605,0.20814061054579094,15_Vertices_0.8_Sparsity,5
vertex_unique_color,2.3153369376759145,0.9873853324845815,5.247126444115767,0.6478815302344714,15_Vertices_0.8_Sparsity,5
adjacent_vertex,2.297229060397255,0.9979984057021503,2.0071706497228856,0.4669987546699875,15_Vertices_0.8_Sparsity,5
vertex_to_global_color,2.3443735688290293,0.9703668886505973,1.340906393606011,0.20814061054579094,15_Vertices_0.8_Sparsity,5
"['vertex_to_global_color', 'vertex_unique_color']",2.3323799778701537,0.9773963630074911,4.903315548148252,0.677710843373494,15_Vertices_0.8_Sparsity,5
"['vertex_to_global_color', 'adjacent_vertex']",4.872791643369898,-0.5115454159656565,3.1880193106018164,0.5324959038776624,15_Vertices_0.8_Sparsity,5
"['vertex_to_global_color', 'vertex_unique_color', 'adjacent_vertex']",4.748978904606918,-0.43897845289551035,13.126715296237547,0.7486788021139166,15_Vertices_0.8_Sparsity,5
['vertex_to_global_color'],2.3443735688290293,0.9703668886505973,1.4708528849135605,0.20814061054579094,15_Vertices_0.8_Sparsity,5
vertex_unique_color,2.3153369376759145,0.9873853324845815,5.247126444115767,0.6478815302344714,15_Vertices_0.8_Sparsity,5
adjacent_vertex,2.297229060397255,0.9979984057021503,2.0071706497228856,0.4669987546699875,15_Vertices_0.8_Sparsity,5
vertex_to_global_color,2.3443735688290293,0.9703668886505973,1.340906393606011,0.20814061054579094,15_Vertices_0.8_Sparsity,5
"['vertex_to_global_color', 'vertex_unique_color']",2.3323799778701537,0.9773963630074911,4.903315548148252,0.677710843373494,15_Vertices_0.8_Sparsity,5
"['vertex_to_global_color', 'adjacent_vertex']",4.872791643369898,-0.5115454159656565,3.1880193106018164,0.5324959038776624,15_Vertices_0.8_Sparsity,5
"['vertex_to_global_color', 'vertex_unique_color', 'adjacent_vertex']",4.748978904606918,-0.43897845289551035,13.126715296237547,0.7486788021139166,15_Vertices_0.8_Sparsity,5
['vertex_to_global_color'],2.3443735688290293,0.9703668886505973,1.4708528849135605,0.20814061054579094,15_Vertices_0.8_Sparsity,5
